ID,Title,Include in Review (Y/N),Exclusion Reason,1.1 Primary Stakeholders,1.2 Context,1.3 Tech/AI type,1.4 Tool/Platform,1.5 Education level,2.1 Feedback term,2.2 Description of context,2.3 Our evaluation,3.1 Agency type,3.2 Feedback timing control,4.1 Metrics for evaluation,4.2 Measurement of agency
1,Adaptive intelligent tutoring systems for STEM education: analysis of the learning impact and effectiveness of personalized feedback,Y,Not applicable,Students and educators.,Classroom and online learning environment.,Intelligent Tutoring System (ITS) utilizing deep learning and natural language processing.,Not specified.,University level.,Adaptive feedback.,"Feedback is provided in real-time based on student interactions, adjusting learning paths and content dynamically.","The feedback is immediate and personalized, effectively addressing individual learning needs and improving student performance.","Student agency is present through interaction with the system, allowing them to control their learning pace.",Students have some control over feedback timing through their interactions with the system.,"Precision, progress rate, and student satisfaction.",Agency is measured through student interactions and their ability to influence their learning outcomes.
2,Affective-motivational effects of performance feedback in computer-based assessment: Does error message complexity matter?,Y,Not applicable,University students,Computer-based assessment,Automated performance feedback,SoSci Survey,Undergraduate and graduate,"Knowledge of Results (KR), Knowledge of Correct Response (KCR), Elaborated Feedback (EF)",Immediate feedback after incorrect responses,Feedback complexity affects emotional responses,Not specified,Not specified,"Positive and negative emotions, perceived usefulness, expectancy-value beliefs",Not specified
3,AI-Driven Feedback for Enhancing Students' Mathematical Problem-Solving: The ScaffoldiaMyMaths System,Y,Not applicable,"Students, specifically primary school students from low-resource families.",The context is primary mathematics education in Hong Kong.,AI-driven feedback system.,ScaffoldiaMyMaths.,Primary school.,"Immediate, tailored feedback.","Feedback is provided in real-time based on students' inputs, offering guidance and identifying areas needing further practice.","The feedback provided is immediate and personalized, which aligns with the paper's description of enhancing learning experiences.",Self-directed learning agency.,Students do not control feedback timing; it is provided in real-time based on their inputs.,Not specified.,Not specified.
4,ALEKS in High School Mathematics Classrooms: Exploring Teachers' Perceptions and Use of this Tool,Y,Not applicable,Teachers and students,High school mathematics classrooms,Adaptive learning system,ALEKS,High school,Immediate feedback,"Feedback is provided through assessments and data analysis tools within ALEKS, allowing teachers to monitor student progress and provide individualized support.","The feedback provided by ALEKS is immediate and data-driven, allowing for personalized learning experiences.",Student agency through personalized learning paths,Students have some control over feedback timing through their interactions with ALEKS.,Student progress and performance on assessments,Agency is measured through the ability of students to set their own learning goals and progress at their own pace.
5,Algebra Error Classification with Large Language Models,Y,Not applicable,Students and teachers.,Not specified,Pre-trained Large Language Models (LLMs).,Cognitive Tutor.,Middle school (Algebra I).,"Automated feedback, hints, descriptive feedback.",Feedback is generated based on error classification of student responses to algebra problems.,The feedback provided is immediate and tailored to specific errors identified in student responses.,Limited student agency; feedback is predefined and automated.,Students do not control feedback timing; feedback is provided automatically based on their responses.,Classification accuracy.,Not specified.
6,An Intelligent Recommender System for Personalized Test Administration Scheduling With Computerized Formative Assessments,Y,Not applicable,Students and teachers.,"K-12 education setting, specifically focusing on computerized formative assessments.",Intelligent Recommender System (IRS) for personalized test scheduling.,Star Math assessment.,Grades 2 and 4.,Timely and descriptive feedback.,The IRS generates personalized test schedules based on students' progress and performance data.,The feedback provided through the IRS is adaptive and aims to optimize the timing and frequency of assessments to enhance learning outcomes.,"Teacher agency in decision-making regarding assessments, with a system that supports individualized student needs.",Teachers control the timing of feedback through the IRS recommendations.,"Average number of test administrations, average positive score change, and the range of test administrations.",Agency is measured through the ability of the IRS to provide recommendations that teachers can choose to implement.
7,Analyzing Student Attention and Acceptance of Conversational AI for Math Learning: Insights from a Randomized Controlled Trial,Y,Not applicable (the paper meets all inclusion criteria).,Students,Online learning environment,Conversational AI (ConvAI),MathNation,Higher education (college students),ICE support features,Feedback is provided through interactive features of the ConvAI during math problem-solving.,"The feedback provided by ConvAI is interactive and supports conceptual understanding, aligning with the ICE framework.",Student agency is present through interaction with the ConvAI.,Students do not control feedback timing; it is provided in real-time as they interact with the ConvAI.,Eye-tracking data and survey responses on technology acceptance.,Agency is measured through qualitative feedback on the ConvAI's features and students' interactions.
8,Analyzing students' performance in computerized formative assessments to optimize teachers' test administration decisions using deep learning frameworks,Y,Not applicable,Students and teachers.,Classroom setting with computerized formative assessments.,"Deep learning frameworks, specifically Long Short-Term Memory (LSTM) networks.",Star Math assessment.,First graders.,Not specified.,The feedback mechanism involves predicting the necessity of future test administrations based on students' performance data.,"The feedback provided is predictive in nature, aimed at optimizing test administration rather than traditional feedback mechanisms.",Teacher agency in decision-making regarding test administration.,Not specified.,"Accuracy, precision, recall, and F1-score.",Not specified.
9,Assessing student perspectives on STACK implementation in university mathematics courses,Y,Not applicable,Students (undergraduate students in Biotechnology and Civil Engineering),University mathematics courses,Computer Algebra System (CAS),STACK,Undergraduate,Immediate feedback,"Feedback is provided immediately upon submission of answers, allowing students to correct mistakes in real-time.","The feedback provided by STACK is immediate and supports students' learning by allowing them to correct errors in real-time, which enhances their understanding and confidence.",Student agency in learning,Students can control feedback timing to some extent by choosing when to submit answers.,"Student satisfaction, perceived usefulness, and willingness to recommend STACK",Agency is measured through students' self-reported confidence and willingness to use STACK in future courses.
10,Automated feedback improves teachers' questioning quality in brick-and-mortar classrooms: Opportunities for further enhancement,Y,Not applicable,Teachers,K-12 classrooms,Natural Language Processing (NLP),TeachFX,K-12,Automated feedback,"Feedback is provided through automated analysis of classroom recordings, focusing on teachers' use of ""focusing questions"" to enhance student engagement.","The feedback provided is targeted and specific, focusing on enhancing teachers' questioning techniques, which is a critical aspect of effective teaching.",Teacher agency,Not specified,"The number of focusing questions asked per hour, student talk time, and teacher uptake of student ideas.",Not specified
11,Automated feedback on discourse moves: teachers' perceived utility of a professional learning tool,Y,Not applicable,Teachers,Classroom,AI-based tool using natural language processing,TalkMoves application,Grades 4-12,Automated feedback,"Feedback is provided after teachers self-record their lessons, which are then analyzed by the application to generate insights on discourse patterns.","The feedback provided is actionable and aimed at improving instructional discourse, aligning with teachers' goals for enhancing classroom engagement.",Teacher agency,Teachers control feedback timing,"Frequency of talk moves, percentage of student talk",Not specified
12,Automatic Generation of Question Hints for Mathematics Problems using Large Language Models in Educational Technology,Y,Not applicable,Students and teachers (simulated through LLMs).,"The context is high school mathematics education, specifically focusing on solving math exercises.",Large Language Models (LLMs) used as Intelligent Tutoring Systems (ITSs).,"The tools used include GPT-4o, Llama-3-8B-Instruct, and GPT-3.5-turbo.",High school level.,Hints.,"Hints are generated based on the types of errors made by simulated students, and they are provided to help students self-correct their answers.",The feedback provided through hints is designed to encourage critical thinking and problem-solving skills rather than simply providing the correct answer.,Simulated student agency through self-correction after receiving hints.,Students (simulated) do not control the timing of feedback; it is provided after their responses.,"Metrics include accuracy, error revision rate, and mean revision error rate.",Agency is measured through the ability of the simulated students to self-correct their answers after receiving hints.
13,Balancing AI and Autonomy: The Role of AI in Enhancing Calculus Education,Y,Not applicable,Students,Classroom,AI-based tools,ChatGPT,Undergraduate,"Immediate verification, time-efficient feedback","Feedback is provided after students attempt problems independently, allowing them to verify their solutions with AI.",The feedback provided by AI can enhance learning but may also lead to confusion if students rely on it too heavily.,Student agency,Students do not control feedback timing; it is structured by the assignment design.,Thematic analysis of student reflections,Agency is measured through students' reflections on their problem-solving processes and their interactions with AI.
14,Can Large Language Models Generate Middle School Mathematics Explanations Better Than Human Teachers?,Y,Not applicable,Students and teachers,Online learning platform,Large Language Model (LLM),ASSISTments,Middle school,Explanations,Feedback is generated by LLMs in response to student requests for explanations on math problems.,"The paper suggests that the feedback provided by GPT-4 is of higher quality than that of human explanations, indicating a positive shift in the effectiveness of AI-generated feedback.",Student agency in requesting explanations,Students control when they request feedback,Perceived-effectiveness ratings on a scale of 1-5,Not specified
15,Case Study on the Use of Artificial Intelligence in Undergraduate Engineering Mathematics Studies to Reduce Mathematics Learning Difficulties,Y,Not applicable,"Students and educators in higher education, specifically engineering mathematics.","Higher education mathematics studies, specifically in engineering programs.",Artificial Intelligence-based mathematics learning platforms.,"Photomath, Chatbot (ChatGPT), Desmos, GeoGebra, Symbolab.",Undergraduate.,Instant feedback.,"Feedback is provided instantly through AI platforms, allowing students to receive immediate answers to their problems.","The paper suggests that while instant feedback is highly valued, the overall correlation between AI features and improvements in math skills is weak and not statistically significant.",Limited student agency; students can choose features but the effectiveness of these features is not strongly supported by data.,Not specified; the paper does not indicate if students can control the timing of feedback.,Self-reported improvements in math skills and correlation analysis of AI features.,Not specified; the paper does not detail how agency is measured.
16,Classifying Mathematics Teacher Questions to Support Mathematical Discourse,Y,Not applicable,Teachers and pre-service teachers.,Classroom discourse and teacher preparation courses.,Natural Language Processing (NLP) using transformer models.,Not specified,High school and pre-service teacher education.,Formative feedback.,Automated classification of teacher questions to provide feedback on questioning practices.,"The feedback provided is aimed at improving questioning practices, which is essential for promoting mathematical discourse.",Not specified,Not specified.,Accuracy of classification models.,Not specified.
17,Computer-Based and Paper-and-Pencil Tests: A Study in Calculus for STEM Majors,Y,Not applicable,Students and instructors in Calculus II classes for STEM majors.,The study was conducted in a university setting with Calculus II classes.,Computer-based testing (CBT) and paper-and-pencil testing (PPT).,WebAssign.,Undergraduate.,"Immediate feedback, partial credit.","Feedback is provided immediately after attempts on computer-based tests, with a grading system that allows for partial credit based on the number of attempts.","The feedback provided in CBT is immediate and allows for multiple attempts, which may enhance learning but lacks the depth of written explanations required in PPT.",Limited student agency in feedback timing; students receive feedback immediately after submission.,Students do not control the timing of feedback; it is provided immediately after each attempt.,"Cronbach's alpha, t-tests, and ANCOVA were used to evaluate the results of feedback effects.",Not specified; the paper does not detail how agency is measured.
18,Constraint-based Student Modeling in Probability Story Problems with Scaffolding Techniques,Y,"Not applicable, as the paper meets the inclusion criteria.",Students and teachers.,Classroom and self-paced learning environment.,Intelligent Tutoring System (ITS) utilizing Constraint-Based Modeling (CBM).,Math Story Problem Tutor (MAST).,Secondary education (high school).,Not specified,Feedback is provided through highlighting keywords and offering hints based on student errors.,"The feedback provided is specific and targeted, allowing students to understand their errors and correct them effectively.","Limited student agency, as the system controls the feedback and guidance provided.",Students do not control the timing of feedback; it is provided after answer submission.,"Paired samples t-test, normalized knowledge gain, Mann-Whitney U test, and power learning curves.",Not specified.
19,Contextual factors affecting hint utility,Y,Not applicable,Students and teachers.,Online learning environment.,Intelligent Tutoring System (ITS).,ASSISTments.,Middle school.,Hints.,Feedback is provided through on-demand hints during problem-solving in an online mathematics assignment.,"The feedback provided is adaptive and context-sensitive, as it varies based on the student's request for hints.",Student agency in seeking help.,Students control the timing of feedback by requesting hints.,"Mastery speed, percent correct, and attrition.",Agency is measured through the frequency of hint requests and the type of hints requested.
20,Design and Effect of Guided and Adaptive Tutoring Tips for Helping School Mathematics Problems Solving,Y,Not applicable (the paper meets the inclusion criteria).,Students and teachers.,Secondary school mathematics education.,Intelligent Tutoring System (ITS).,Mathematics Intelligent Assessment and Tutoring System (MIATS).,Senior high school.,Adaptive feedback.,Feedback is provided through intelligent hints and prompts based on students' responses.,"The feedback provided is immediate and personalized, which aligns with the principles of adaptive learning.",Student agency is present through self-directed learning and feedback interaction.,Students have control over when they receive feedback.,"Pretest and posttest scores, along with statistical analysis (ANCOVA).",Agency is measured through students' ability to interact with the system and their performance improvements.
21,Design and research potential of interactive textbooks: the case of fractions,Y,Not applicable,Students and teachers.,Classroom instruction using an interactive textbook.,Interactive textbook.,ALICE:fractions (interactive textbook).,Grade 6.,Immediate feedback.,"Feedback is provided after students complete tasks, evaluating their input and offering explanations.","The feedback provided is immediate and tailored to the student's responses, which aligns with effective feedback principles.",Self-regulated learning agency.,Students can control when they request feedback.,Time on task and task success.,Agency is measured through the choices students make in task completion and feedback requests.
22,Developing an AI learning companion for mathematics problem solving in elementary schools,Y,Not applicable,Students and teachers.,Elementary school mathematics education.,Generative AI-based learning companion.,Taiwan Adaptive Learning Platform (TALP) and TALPer.,Fifth grade.,"Adaptive feedback, personalized prompts.","Feedback is provided through Socratic dialogue and Pólya’s problem-solving strategy, guiding students step-by-step in their learning process.",The feedback provided by TALPer is structured and aims to foster deeper understanding through guided questioning rather than direct answers.,Student agency through self-directed learning and interaction with the AI.,Students have some control over when they receive feedback through their interactions with TALPer.,"Pre-test and post-test scores, statistical analysis (ANCOVA).",Agency is measured through the analysis of student interactions and engagement levels with TALPer during learning sessions.
23,Development of a generative AI-powered teachable agent for middle school mathematics learning: A design-based research study,Y,Not applicable,Middle school students and teachers.,Authentic classroom settings for mathematics learning.,Generative AI-powered teachable agent.,ALTER-Math.,Middle school.,"Feedback, hints, and guidance.","Feedback is provided as students teach the agent, simulating a peer learning experience.","The feedback mechanism aligns with the learning-by-teaching approach, enhancing understanding through teaching.",Student agency through teaching the AI agent.,Students control the timing of feedback through their interactions with the agent.,"Pre- and post-knowledge tests, usability surveys, and qualitative feedback.",Agency is measured through students' ability to teach the agent and their reflections on the teaching process.
24,Digital re-attributional feedback in high school mathematics education and its effect on motivation and achievement,Y,Not applicable,Students and teachers.,High school mathematics classroom.,Computer-based learning software.,Bettermarks.,High school (grades 8-10).,Re-attributional feedback.,"Feedback was provided after every third task, focusing on shifting students' attributions from ability to effort.","The feedback aims to improve students' attribution styles, particularly for low-performing students, but results showed limited effectiveness.",Limited student agency; feedback is primarily controlled by the software.,Students do not control feedback timing; it is predetermined by the software.,"Attribution styles, self-efficacy, mathematics self-concept, and learning outcomes.",Not specified; the study does not detail how agency is quantitatively measured.
25,DYNAMIC ELEMENTS IN GEOMETRY,,,,,,,,,,,,,,
26,EFFECTIVE USE OF ARTIFICIAL INTELLIGENCE TOOLS IN STEM EDUCATION: PERSPECTIVES OF STEM EDUCATORS,N,"The paper is not focused on mathematics education; it discusses STEM education broadly, which includes science and technology but does not specifically address mathematics.",Not specified,Not specified,Not specified,Not specified,Not specified,Not specified,Not specified,Not specified,Not specified,Not specified,Not specified,Not specified
27,Effectiveness and guidance of artificial intelligence chatbots in diagnosing exponential expression errors,Y,Not applicable,Students and teachers.,Classroom and informal learning settings.,Generative AI chatbots (ChatGPT-4 and Gemini).,ChatGPT-4 and Gemini.,Middle school (8th grade).,Guidance and feedback.,Feedback is provided through interactions with chatbots after students answer questions on exponential expressions.,"The feedback provided by the chatbots is sometimes effective but can also be misleading, indicating a need for careful monitoring by teachers.",Limited student agency; students interact with chatbots for feedback but do not fully control the feedback process.,Students do not control the timing of feedback; it is provided after they submit their answers.,"Classification of student responses into categories such as correct knowledge, lack of confidence, lack of knowledge, and misconception.",Not specified.
28,Effects of Pedagogical Agents on Students' Mathematics Performance: A Comparison Between Two Versions,Y,Not applicable,Students and pedagogical agents (PAs).,Classroom setting with the use of a web-based application for mathematics learning.,Intelligent Tutoring System (ITS) with a pedagogical agent (PA).,Personal Instructing Agent (PIA).,Grade 7 students.,Textual feedback and facial expressions.,Feedback is provided through facial expressions and textual hints based on the correctness of students' answers.,"The feedback provided by the PA is both emotional (facial expressions) and instructional (textual hints), which enhances student engagement and learning outcomes.",Limited student agency; students interact with the PA but do not control its feedback timing.,Students do not control feedback timing; feedback is provided based on their actions.,"Pretest and posttest scores, number of problems solved, time spent using the software, and number of hints used.",Not specified; the study does not detail how agency is quantitatively measured.
29,Eighth Graders and a Math Intelligent Tutoring System: A Deep Neural Network Analysis,Y,Not applicable,Students and teachers.,Classroom and online tutoring environment.,Intelligent Tutoring System (ITS) using deep neural networks.,ASSISTments.,Eighth grade.,Scaffolding and hints.,Feedback is provided through a sequence of scaffolding questions and hints after a student's incorrect answer.,"The feedback provided through scaffolding is essential for enhancing problem-solving skills, but over-reliance on it can be detrimental.",Limited student agency; students can request hints but may become overly reliant on the system.,Students have some control over when they receive feedback by choosing to request hints.,"Accuracy, recall, specificity, precision, F1 scores, and AUC scores.",Not specified.
30,Enhancing formative assessment in statistics through classroom action research,Y,Not applicable,Students and instructors in a higher education statistics class.,"A higher education statistics class during the COVID-19 pandemic, utilizing online learning modalities.",Learning Management System (LMS).,MyOpenMath.,Higher education (undergraduate).,"Immediate feedback, corrective feedback.","Formative assessments were administered asynchronously through the LMS, allowing students to practice statistical exercises and receive immediate feedback on their answers.","The feedback provided was immediate and corrective, which aligns with the purpose of formative assessment to enhance learning and understanding.",Student agency in managing their learning through multiple attempts and asynchronous assessments.,"Yes, students controlled the timing of feedback by choosing when to attempt assessments.","Student reflections, average number of attempts, and time spent per attempt.",Agency was measured through student reflections on their learning experiences and their ability to manage their assessment attempts.
31,Enhancing Students ' Preparation for Math Exams using the Advanced Features of the Halomda Platform,Y,Not applicable,Students and educators.,Classroom and exam preparation setting.,AI-assisted learning platform.,Halomda platform.,College/University level.,"Active feedback, advice, comments.","Feedback is provided during problem-solving, with options for students to receive help from AI or other tools.",The feedback provided is interactive and aims to enhance understanding rather than just providing correct answers.,Self-directed learning agency.,Students can control when they seek feedback.,Improvement in self-efficacy and exam performance.,Not specified.
32,Evaluating the Design Features of an Intelligent Tutoring System for Advanced Mathematics Learning,Y,Not applicable,College students,Classroom setting for advanced mathematics learning,Intelligent Tutoring System (ITS),Xiaomai,College level,Automatic feedback,"Feedback is provided after answer submission, requiring self-evaluation and reflection on errors.","The feedback provided is immediate and requires self-assessment, but the effectiveness of error reflection is questioned.",Limited student agency in feedback timing,Students do not control feedback timing,"Number of correct answers, practice performance measures",Not specified
33,Evaluation of an adaptive tutorial supporting the teaching of mathematics,Y,Not applicable (the paper meets all inclusion criteria).,Students and educators.,Blended learning environment in a university mathematics course.,Adaptive tutorials (ATs) based on Intelligent Tutoring Systems (ITS).,Smart Sparrow Adaptive eLearning Platform (AeLP).,Third-year engineering students.,"Instant, adaptive feedback.","Feedback is provided instantly after student responses, guiding them to reflect on their answers.",The feedback is supportive and designed to help students understand their mistakes and improve their learning.,Student agency in choosing to engage with the tutorial.,Students control the timing of feedback by choosing when to engage with the tutorial.,Examination marks and student confidence levels pre- and post-tutorial.,Agency is measured through student engagement and self-selection in using the tutorial.
34,Exceptional Talent and Enthusiasm for Math: An Examination of Storylines Circulated by ChatGPT about Mathematical Learners,Y,Not applicable (the paper meets the inclusion criteria).,"Students, specifically those identified as gifted, special education, English language learners, and from various racial/ethnic backgrounds.",The context is an exploratory study examining feedback provided by ChatGPT on mathematical writing.,"AI chatbot, specifically ChatGPT developed by OpenAI.",ChatGPT.,Elementary education (specifically fifth grade).,"Feedback, praise, support, and guidance.","Feedback is provided in a structured format, including praise and guidance on mathematical content, and is tailored based on the learner's characteristics.","The feedback provided by ChatGPT reflects existing stereotypes and narratives about different types of learners, which may not align with the actual capabilities of the students.",Limited student agency; feedback is primarily controlled by the AI based on the input provided.,Students do not control the timing of feedback; it is provided after the AI processes their input.,The study evaluates the quality of feedback based on its alignment with existing narratives and the effectiveness of the feedback in supporting student learning.,Agency is not explicitly measured; the focus is on the narratives and storylines promoted through feedback.
35,Experience Report on Using WeBWorK in Teaching Discrete Mathematics,Y,Not applicable,Students and instructors.,Online teaching of discrete mathematics.,Online homework system.,WeBWorK.,Undergraduate.,Immediate feedback.,"Feedback is provided through auto-graded problems, allowing students to receive immediate responses to their answers.","The feedback provided is immediate and allows for multiple attempts, which supports learning through practice.",Student agency is present through the ability to attempt problems multiple times and receive feedback.,Students can control the timing of feedback by choosing when to submit their answers.,Student performance metrics include final numerical grades and survey responses.,Agency is measured through student feedback on their ability to attempt problems multiple times and their perceived control over learning.
36,Explanatory learner models: Why machine learning (alone) is not the answer,Y,Not applicable,"Students, teachers, educational practitioners.","Technology-enhanced education, online courses, and MOOCs.","Machine learning, learning analytics.",Not specified.,"Various levels, including K-12 and higher education.","Actionable feedback, insights.",Feedback is derived from data analysis and is aimed at improving learning outcomes through insights gained from learner models.,"The feedback provided is not just predictive but also explanatory, aiming to enhance understanding of learning processes.",Student agency in choosing to engage with feedback and recommendations.,"Students have some control over when they receive feedback, particularly in the context of choosing to engage with recommendations.","Learning gains, prediction accuracy, and user engagement metrics.",Agency is measured through student choices in engaging with recommendations and feedback mechanisms.
37,Exploring ChatGPT-Facilitated Scaffolding in Undergraduates' Mathematical Problem Solving,Y,Not applicable (the paper meets all inclusion criteria).,"Undergraduates majoring in Mathematics, Applied Mathematics, and Computer Science.",The study was conducted in a 'Combinatorics' course at a university in central China.,"ChatGPT, an AI-based chatbot.","Xiaoya, an educational platform that integrates ChatGPT.",Undergraduate level.,Not specified,"The feedback is provided through a scaffolding framework that includes task description, heuristic mentoring, and question prompts, facilitating various stages of mathematical problem solving.","The feedback provided by ChatGPT is designed to promote critical thinking and deeper engagement with mathematical problems, moving beyond simple answer provision.",Student agency is present as students engage with the AI to explore problem-solving strategies and reflect on their learning.,Students have control over when they seek feedback from ChatGPT during the problem-solving process.,"Performance data, interaction analysis, and self-reported surveys were used to assess both quantitative and qualitative aspects of students' experiences.",Agency is measured through the analysis of students' interactions with ChatGPT and their reflections on the problem-solving process.
38,Exploring the Sequences of Synthetic Facial hxpressions and Type of Problems Solved in a Personal Instructing Agent using Lag Sequential Analysis,Y,Not applicable,Students,Classroom,Intelligent Tutoring System (ITS),Personal Instructing Agent (PIA),Grade 7,Hints,"Feedback is provided based on the correctness of steps in solving algebra problems, with emotional expressions from the agent influencing student responses.","The feedback provided by PIA is primarily emotional, with hints given based on the correctness of the students' answers, which aligns with the concept of formative assessment.",Limited student agency,Not specified,"Number of problems solved, levels of difficulty, and emotional responses of the agent.",Not specified
39,Facilitating Student Learning With a Chatbot in an Online Math Learning Platform,Y,Not applicable; the paper is relevant to math education and feedback.,Middle and high school students.,Online math learning platform.,Chatbot.,ASSISTments.,Middle and high school.,"Hints, scaffolding.",The chatbot provides interactive and personalized support through a series of scaffolded questions and hints.,"The feedback provided by the chatbot is scaffolded and aims to guide students through problem-solving, but the effectiveness in improving learning outcomes was not statistically significant.",Limited student agency; students can request hints and feedback but may rely on the chatbot for guidance.,Students can control when they request hints.,"Student math performance, perceived helpfulness, interest, and confidence.",Agency is measured through students' ability to request hints and their responses to open-ended questions about their experiences.
40,GAI Versus Teacher Scoring: Which is Better for Assessing Student Performance?,Y,Not applicable (the paper meets all inclusion criteria).,Students and teachers.,Online education.,"Generative Artificial Intelligence (GAI), specifically Generative Pretrained Transformer (GPT) models.","GPT-4, GPT-4o, and a customized Trained-GPT model.",Grade 12 (high school).,Formative feedback.,"The GAI model grades assignments based on historical data and predefined rubrics, providing feedback that aims to reduce teacher workload while enhancing instructional quality.","The feedback provided by the GAI models is intended to be consistent and data-driven, aligning closely with human evaluators' standards.",Limited student agency; feedback is primarily controlled by the GAI system.,Not specified.,"Grading accuracy, consistency with human evaluators, and adaptability across subjects.",Not specified.
41,Generative AI and multimodal data for educational feedback: Insights from embodied math learning,Y,Not applicable,Students and teachers.,Classroom setting using a digital body-scale number line for math learning.,Generative AI (GenAI) and eye-tracking technology.,MOVES educational tool and SENSEi software.,Middle school (ages 11-13).,Formative feedback.,"Feedback is provided after solving arithmetic problems, with GenAI generating hints based on students' movements.","GenAI feedback is structured and adaptive, potentially reducing cognitive load compared to human feedback.",Limited student agency; students interact with feedback but may rely on the AI's guidance.,Students do not control the timing of feedback; it is provided after task completion.,"Task-based performance, cognitive load, eye-tracking metrics (fixation duration, transitions between areas of interest).",Agency is inferred through the analysis of students' interactions with feedback and their cognitive strategies.
42,How digital tools support the validation of outdoor modelling results,Y,Not applicable,Secondary school students,Outdoor mathematics education,Digital tool for outdoor mathematics,MathCityMap,Secondary school,"Hints, sample solution, validation","Feedback is provided through hints and validation of answers, which prompts students to reassess their solutions.","The feedback provided by the app is primarily corrective and elaborative, guiding students through the modelling process.",Student agency in self-evaluation and decision-making,"Students do not fully control the timing of feedback; it is triggered by their actions (e.g., entering answers).","Solution rates, number of tasks solved, and qualitative observations of student interactions",Agency is measured through observations of students' self-validation processes and their interactions with the app.
43,How do help-seeking and help-abuse affect learning achievement in an interactive learning environment?,Y,Not applicable,Student teachers,Interactive learning environment (ILE) for learning number conversion,Intelligent tutoring system (ITS),Cognitive Tutor Authoring Tools (CTAT),Tertiary education (first-year student teachers),"Hints, step-by-step hints, strategic help","Feedback is provided through hints that build on each other, gradually becoming more concrete.","The paper indicates that increased help-seeking can lead to help-abuse, which negatively impacts learning achievement.",Self-regulated learning agency,Not specified,Learning achievement measured through pre-test and post-test scores,Self-reported help-abuse and help-seeking behavior
44,How instructional context can impact learning with educational technology: Lessons from a study with a digital learning game,Y,Not applicable,Students and teachers.,Classroom and remote learning environments.,Digital learning game.,Decimal Point.,Middle school.,Hints and error feedback.,"Feedback is provided through hints that students can request while playing the game, with different conditions for hint availability.",The paper suggests that hints may not always enhance learning and can lead to worse performance in some contexts.,Limited student agency in the classroom; more autonomy at home.,Students in the Hint condition could control when to request hints.,"Pretest and posttest scores, completion rates, and error rates.",Not explicitly measured; inferred through hint usage and performance.
45,Hybrid teaching intelligence: Lessons learned from an embodied mathematics learning experience,Y,Not applicable,Students and teachers.,Classroom setting with an AI-driven interactive system.,AI-driven interactive system.,MOVES-NL.,Grades 6–8 (ages 11–14).,Immediate formative feedback.,Feedback is provided through an interactive system that tracks students' movements and gives auditory and visual cues based on their actions.,"The feedback provided by the AI system is timely and complements the teacher's instruction, enhancing the learning experience.",Student agency is present as students interact with the AI system and reflect on their actions.,Students do not control the timing of feedback; it is provided automatically by the system based on their actions.,"Engagement, stress, and fatigue measured through physiological data and qualitative video coding.",Agency is measured through students' ability to reflect on their movements and connect them to mathematical concepts.
46,"I Didn't Understand, I′m Really Not Very Smart-How Design of a Digital Tutee's Self-Efficacy Affects Conversation and Student Behavior in a Digital Math Game",Y,Not applicable (the paper meets the inclusion criteria).,Students and digital tutees (pedagogical agents).,The context is a digital math game where students interact with a digital tutee.,Conversational pedagogical agent.,The Squares Family (the name of the math game).,Fourth graders.,Recursive feedback.,"Feedback is provided through chat after game sessions, reflecting the digital tutee's self-efficacy.",The feedback provided by the digital tutee is designed to influence student engagement and self-efficacy positively.,Student agency is present as students interact with and respond to the digital tutee.,Students do not control the timing of feedback; it is provided after game sessions.,Frequency of responses to feedback and performance on multiple-choice questions.,Agency is measured through the students' interactions and comments during the chat.
47,Implementation of a Mathematics Formative Assessment Online Tool Before and During Remote Learning,Y,Not applicable,Teachers and students,Classroom and remote learning environments,Online mathematics instructional platform,ASSISTments,7th grade,Immediate feedback and hints,"Feedback is provided immediately after students complete assignments, with reports generated for teachers to analyze student performance.","The feedback provided is immediate and data-driven, allowing teachers to make informed instructional decisions based on student performance.",Limited student agency; feedback is primarily teacher-directed,Not specified,"Student performance data, including accuracy rates and common errors",Not specified
48,Implementing and Evaluating ASSISTments Online Math Homework Support At large Scale over Two Years: Findings and Lessons Learned,Y,Not applicable,Students and teachers.,Classroom and homework settings.,AI-based formative assessment platform.,ASSISTments.,Middle school (7th grade).,"Immediate feedback, hints, scaffolds.","Feedback is provided immediately as students solve problems, with hints available for additional support.","The feedback provided is immediate and corrective, aimed at enhancing student understanding and performance in math.",Limited student agency; teachers control the feedback process.,Students do not control feedback timing; feedback is provided immediately after answer submission.,"Student performance on assessments, teacher homework review practices.",Not specified.
49,"Improving Teaching at Scale: Can AI Be Incorporated Into Professional Development to Create Interactive, Personalized Learning for Teachers?",Y,Not applicable; the paper is relevant to mathematics education and feedback/formative assessment.,Teachers,Professional development for mathematics teachers,Intelligent tutoring systems (ITS),Not specified,Middle school,Just-in-time feedback,Feedback is provided through a virtual facilitator that interacts with teachers based on their responses to activities.,"The feedback provided is interactive and personalized, aimed at enhancing teachers' content knowledge and pedagogical content knowledge.",Teacher agency,Teachers control feedback timing,"Classroom artifacts, teacher knowledge assessments",Not specified
50,Improving the Validity of Automatically Generated Feedback via Reinforcement Learning,Y,Not applicable,Students and teachers.,Middle school-level math education.,Large Language Models (LLMs) and Reinforcement Learning (RL).,Llama 2 and GPT-4.,Middle school.,"Feedback messages, hints, suggestions.","Feedback is generated for incorrect student responses to math questions, focusing on correctness and pedagogical alignment.","The feedback generated is aimed at being pedagogically valid and aligned with educational goals, focusing on understanding student errors.",Limited student agency; feedback is primarily automated.,Not specified.,"Rubric scores, accuracy, precision, recall, F1 scores.",Not specified.
51,Incentivizing supplemental math assignments and using AI-generated hints is associated with improved exam performance,Y,Not applicable,Students and instructors.,Introductory physics course at a large public university.,AI-generated hints integrated into homework assignments.,Kudu (homework platform).,Undergraduate.,Hints.,Feedback is provided through AI-generated hints that guide students in problem-solving without giving away full solutions.,The feedback provided by AI-generated hints is supportive and aims to enhance problem-solving skills without directly providing answers.,Limited student agency; students can choose to use hints but may not control the timing of feedback.,Students do not control the timing of feedback; hints are available when they choose to access them.,"Exam scores, completion rates of supplemental math assignments, and usage of AI-generated hints.",Not specified; the paper does not detail how agency is quantitatively measured.
52,Instructional Activity and Student Interaction with Digital Resources,Y,Not applicable (the paper meets the inclusion criteria).,Students and teachers.,School mathematics education.,Digital curriculum programmes and dynamic mathematical tools.,Khan Academy and other digital curriculum programmes.,K-12 education.,Immediate feedback.,"Feedback is provided through digital systems in response to student actions, often during practice exercises.","The feedback provided is immediate and supports student learning, but the interaction with the system can be limited.",Limited student agency; primarily individualised learning.,Students have limited control over feedback timing; feedback is typically provided immediately after an action.,Student performance on problem sets and interaction logs.,Not specified.
53,INTELLIGENT VOICE ASSISTANT AS AN EXAMPLE OF INCLUSIVE DESIGN METHODOLOGY IMPLEMENTATION,N,The paper is not in English language.,Not specified,Not specified,Not specified,Not specified,Not specified,Not specified,Not specified,Not specified,Not specified,Not specified,Not specified,Not specified
54,Interaction patterns in exploratory learning environments for mathematics: a sequential analysis of feedback and external representations in Chinese schools,Y,Not applicable,Students and teachers,Classroom setting in Chinese schools,Intelligent Tutoring System (ITS),Fractions Lab,Primary/Elementary education,"Socratic feedback, guidance feedback, didactic-procedural feedback",Feedback is provided automatically in response to student interactions or can be triggered by student requests.,"The feedback provided is designed to guide students through their learning tasks, with varying levels of support based on their needs.",Limited student agency; students can request feedback but tend to explore independently.,Students have limited control over feedback timing; feedback is often triggered by their actions.,"Pre- and post-test scores, interaction data, and feedback request frequency.",Agency is measured through the frequency of feedback requests and the types of interactions with the learning environment.
55,Investigating Cognitive Biases in Self-Explanation Behaviors during Game-based Learning about Mathematics,Y,Not applicable,Middle-school students,Game-based learning environment,Game-based learning environment (GBLE),Decimal Point,Middle school,Self-explanation prompts,Students find and fix errors in math problems and self-explain their problem-solving processes.,"The feedback provided through self-explanation prompts is aimed at enhancing understanding, but students may struggle with cognitive biases affecting their responses.",Limited student agency in self-explanation,Not specified,"Self-efficacy scores, performance metrics, and time spent problem-solving",Self-efficacy survey responses
56,Investigating perceived fairness of AI prediction system for math learning: A mixed-methods study with college students,Y,Not applicable,College students,Math learning environment,AI-driven predictive system,Algebra Prediction,Higher education (college),Constructive feedback,Feedback is provided through an AI system that predicts pass/fail outcomes based on students' performance and is influenced by factors like algorithmic bias and transparency.,"The feedback mechanism aligns with students' expectations and their perceived fairness of the AI's decisions, indicating that the quality of feedback is crucial for acceptance.",Limited student agency,Not specified,"Perceived fairness based on prediction outcomes, algorithmic bias, and transparency",Not specified
57,Is more detailed feedback better for problem-solving?,Y,Not applicable,Students and teachers.,Classroom setting during regular mathematics classes.,Interactive problems designed for tablets.,Unity programming platform for tablets.,Fifth-grade primary school students.,Elaborated Feedback and Knowledge of Results.,"Feedback was provided as students worked on interactive problems, with different levels of guidance based on their performance.","The paper suggests that while Elaborated Feedback helps students solve problems more efficiently, Knowledge of Results may lead to better learning outcomes.","Limited student agency, as feedback is primarily controlled by the system based on student responses.",Students do not control the timing of feedback; it is provided based on their responses.,"Pre- and post-test scores, effectiveness ratio of feedback in real-time.",Not specified.
58,It is not either or: An initial investigation into combining collaborative and individual learning using an ITS,Y,Not applicable,Students and teachers.,Classroom setting.,Intelligent Tutoring System (ITS).,Cognitive Tutoring Authoring Tools (CTAT).,4th and 5th grade.,Hints and error feedback.,"Feedback is provided through an intelligent tutoring system during problem-solving activities, with students working collaboratively on erroneous example problems and individually on procedural problems.","The feedback provided is effective in reducing errors and hint requests, indicating that the combined condition enhances learning outcomes.",Collaborative and individual agency.,Students do not control feedback timing; feedback is provided by the system based on their interactions.,"Pretest and posttest scores, errors made, and hints requested.",Agency is measured through the analysis of errors and hints requested during the learning process.
59,Large-Scale Assessments for Learning: A Human-Centred AI Approach to Contextualizing Test Performance,Y,Not applicable,Educators and policymakers.,Large-scale assessments in educational settings.,Human-centred AI (HAI) framework utilizing machine learning techniques.,NAEP digital assessment platform.,Grade 8.,Rich feedback.,Feedback is generated from process data that reflects students' test-taking processes.,The feedback provided is contextualized and aims to improve understanding of student performance beyond mere scores.,Limited student agency; feedback is primarily educator-focused.,Not specified.,Performance scores and process data features.,Not specified.
60,Learn with M.E.-Let Us Boost Personalized Learning in K-12 Math Education!,Y,Not applicable (the paper meets all inclusion criteria).,Students and teachers.,K-12 mathematics education.,Intelligent educational software.,Learn with M.E.,Elementary school (grades 5-9).,"Immediate feedback, error correction.","The software provides immediate feedback and guidance based on students' responses, allowing them to correct errors in real-time.","The feedback provided by the software is immediate and corrective, which aligns with the principles of effective formative assessment.",Student agency through personalized learning paths.,Students can control when they receive feedback based on their interactions with the software.,"Test scores, user satisfaction surveys, and performance tracking.",Agency is measured through the ability of students to select difficulty levels and navigate their learning paths independently.
61,Lessons learned from designing an open-source automated feedback system for STEM education,Y,Not applicable,Students and lecturers.,Higher education classroom setting.,Automated Feedback System (AFS).,RATsApp (Rapid Assessment Tasks App).,Undergraduate.,Formative feedback.,"Feedback is provided immediately after task completion, with explanations on why answers are correct or incorrect.",The feedback provided is expert-driven and aims to enhance understanding and skills through detailed explanations.,Self-regulatory agency.,Students do not control feedback timing; feedback is provided immediately after task completion.,Usability survey based on the Technology Acceptance Model 2 (TAM2).,Not specified.
62,Math Problem Supports in an Authentic Classroom Context: Unpacking the Effect of Immediate Feedback and Re-Attempts in Online Problem Sets on Middle School Students' Math Achievement,Y,Not applicable,Middle school students and teachers.,Online problem sets in a classroom setting.,Intelligent Tutoring System (ITS).,ASSISTments.,Middle school (7th grade).,"Immediate feedback, delayed feedback, hints.","Feedback is provided immediately after each problem attempt, with hints available during problem solving.","Immediate feedback may improve accuracy but limit the number of problems completed, leading to mixed effects on overall learning outcomes.",Limited student agency in feedback timing; students can request hints but must answer correctly before proceeding.,Students do not control feedback timing; feedback is provided immediately after attempts.,"Posttest scores, state test scores, percentage of problems completed, and percentage of problems answered correctly on the first attempt.",Not specified.
63,MathFlowLens Dashboard: Co-Designing Teacher Orchestration Tools to Engage in Discourse Around Students' Mathematical Strategies,Y,Not applicable,Teachers and students.,Classroom setting focused on online math problem-solving.,Data analytics and visualisation tool.,MathFlowLens Dashboard.,Middle and high school.,Actionable feedback.,Feedback is provided through visualisations of student problem-solving pathways and strategies.,The feedback provided is actionable and designed to enhance teacher understanding of student strategies.,Teacher agency in interpreting data and making instructional decisions.,Teachers control the timing of feedback based on student interactions.,"Metrics include average number of attempts, errors, and efficiency scores.",Agency is measured through teachers' ability to interpret data and make informed decisions.
64,"Motivational and Emotional Orientation, Engagement, and Achievement in Mathematics. A Case Study With One Sixth-Grade Classroom Working With an Electronic Textbook on Fractions",Y,Not applicable,Students and teachers.,Classroom setting using an electronic textbook.,Electronic textbook (e-textbook).,ALICE: fractions project e-textbook.,Sixth grade.,"Adaptive feedback, exploratory feedback.",Feedback is provided through an e-textbook that offers hints and adaptive task difficulty based on student interactions.,"The feedback provided is immediate and individualized, aimed at enhancing student engagement and learning outcomes.",Student agency through self-regulated learning opportunities.,Students have some control over when they receive feedback through their interactions with the e-textbook.,"Cognitive learning outcomes measured through pretests and posttests, along with engagement metrics from process data.",Agency is measured through self-reports on perceived autonomy support and engagement metrics from the e-textbook interactions.
65,Number Express: A Digital Game to Improve Early Numeracy,Y,Not applicable,"The main participants are preschool children aged four to six years, along with researchers, teachers, and an educational consultant involved in the game's development.",The context is a pilot study conducted in a separate room where preschool children played the game in small groups.,The technology used is a digital game designed for early numeracy skills.,The specific platform mentioned is a desktop PC and a tablet.,"The participants are preschool children, specifically those in their last kindergarten year.","The term used for feedback is ""informative feedback.""","The feedback mechanism involves visual and verbal messages when players make incorrect responses, along with a number line that appears to assist in ordering numbers correctly.","The feedback provided is structured to ensure that children receive enough information to correct their mistakes, which aligns with the game's educational goals.",The game allows for some level of student agency as children can choose their character and the level of difficulty at the start of the game.,Students do not control the timing of feedback; it is provided automatically based on their responses.,"Metrics used to evaluate the results of feedback effects include learnability, memorability, effectiveness, errors, self-corrections, and efficiency.","Agency is measured through children's ability to choose characters, levels, and their interaction with the game features."
66,Plenary: The Impact of AI Tools on Student Learning in Integral Calculus: A Case Study of Latin American Students,Y,Not applicable (the paper meets the inclusion criteria).,Students and teachers.,Classroom and academic settings.,"AI tools, specifically ChatGPT.",ChatGPT.,Undergraduate engineering students.,Real-time feedback.,"Feedback is provided in real-time during problem-solving tasks, enhancing understanding and engagement.","The feedback provided by AI tools is immediate and adaptive, which aligns with the paper's focus on enhancing learning through technology.",Limited student agency due to reliance on AI.,Students have limited control over feedback timing.,Student perceptions and reliance on AI tools.,Agency is measured through student reliance on AI and their perceptions of autonomy.
67,Promising Long Term Effects of ASSISTments Online Math Homework Support,Y,Not applicable,Students and teachers.,Classroom and homework assignments.,AI-based formative assessment platform.,ASSISTments.,7th grade.,"Immediate feedback, hints, scaffolds.","Feedback is provided immediately after students enter their answers, with hints available for improvement.","The feedback provided is immediate and corrective, aimed at enhancing student understanding and performance.",Limited student agency; students receive feedback but do not control its timing.,Students do not control feedback timing; feedback is provided immediately after answer submission.,State standardized Grade 8 EOG math assessment scores.,Not specified.
68,"Realization of parasocial interaction theory in STEAM education with an AI pedagogical agent: insights from learning performance, collaboration tendency, and problem-solving tendency",Y,Not applicable (the paper meets all inclusion criteria).,Students and teachers.,Junior high school STEAM education course.,AI pedagogical agent (AIPA).,AIPA learning system.,Junior high school.,"Timely, personalized feedback.",Feedback is provided through interaction with the AIPA during project-based learning activities.,"The feedback provided by AIPA is designed to enhance student engagement and problem-solving skills, aligning with the goals of the STEAM curriculum.",Student agency through autonomous exploration and problem-solving.,Students can seek feedback from AIPA as needed during the learning process.,"Learning performance, problem-solving tendency, and collaboration tendency.",Agency is measured through students' interactions with AIPA and their ability to adjust their problem-solving strategies.
69,Real-Time AI-Driven Assessment and Scaffolding that Improves Students' Mathematical Modeling during Science Investigations,Y,Not applicable,Students and teachers.,Classroom setting during science investigations.,AI-driven scaffolding and assessment.,Inquiry Intelligent Tutoring System (Inq-ITS).,Eighth grade.,Scaffolding.,Feedback is provided in real-time based on students' performance in virtual labs.,"The feedback provided is targeted and specific to the students' needs, enhancing their learning experience.",Limited student agency; feedback is controlled by the system.,Students do not control feedback timing; it is provided based on their performance.,Average of sub-practice scores for each stage.,Not specified.
70,Research protocol: Evaluating the impact of Eedi formative assessment online platform (formerly Diagnostic Questions or DQ) on attainment in mathematics at GCSE and teacher workload,Y,Not applicable,Students and teachers.,English secondary schools.,Formative assessment and feedback program.,Not specified,Secondary education (GCSE level).,Formative assessment and feedback.,"Weekly quizzes delivered as homework, marked automatically, with feedback targeting specific misunderstandings.","The feedback provided is targeted and diagnostic, aiming to address specific misunderstandings in students' learning.",Limited student agency; feedback is primarily controlled by the system and teachers.,Students do not control feedback timing; feedback is provided after quiz completion.,GCSE attainment scores and teacher workload measured in hours/minutes per week.,Not specified; the paper does not detail how agency is quantitatively measured.
71,Revealing Networks: Understanding Effective Teacher Practices in AI-Supported Classrooms using Transmodal Ordered Network Analysis,Y,Not applicable (the paper meets the inclusion criteria).,Students and teachers.,Classroom setting with AI-based tutoring systems.,AI-based tutoring system for equation-solving.,Lynnette (the AI tutoring system).,7th grade.,"Hints, error feedback.","Feedback is provided through the AI tutor during problem-solving practice, with teacher visits influencing student behavior.","The feedback provided by the AI tutor is primarily procedural, with students often relying on hints rather than developing conceptual understanding.",Limited student agency; students often rely on hints and teacher support.,Students do not control the timing of feedback; it is provided based on their interactions with the tutor and teacher.,"Learning rates, hint requests, correct attempts.",Agency is inferred from the frequency of hint requests and the nature of interactions with the teacher and tutor.
72,Scaling Generated Feedback for Novice Teachers by Sustaining Teacher Educators' Expertise A Design to Train LLMS with Teacher Educator Endorsement of Generated Feedback,Y,"Not applicable, as the paper is relevant to maths education and feedback.",Novice mathematics teachers and teacher educators.,Digital clinical simulations for novice teacher practice.,Generative AI (specifically large language models).,Teacher Moments platform.,Novice teachers (specifically in mathematics education).,Generated feedback.,"Feedback is generated by an AI agent based on user responses in simulations, which are then edited and endorsed by teacher educators.","The feedback generated is tailored and nuanced, aiming to support novice teachers' learning effectively.",Teacher educators have agency in editing and endorsing feedback.,Not specified.,The quality of generated feedback is evaluated based on teacher educators' endorsements and edits.,Agency is measured through the ability of teacher educators to edit and endorse feedback.
73,Should I stay or should I go? Children's motivation in response to feedback and its association with math anxiety and math self-concept,Y,Not applicable,Students (elementary school children),Classroom setting (computer game),Game-based learning,Not specified,Elementary school,Corrective feedback,"Feedback was provided trial-by-trial, including knowledge of results (KR) and knowledge of the correct response (KCR), with the option to stop the game after each level.","The paper suggests that feedback influences motivation, with negative feedback leading to decreased motivation, especially in children with high math anxiety or self-concept.",Student agency in decision-making (to continue or stop the game),Students had control over feedback timing (could choose to stop after each level),Task motivation (number of levels completed) and resilience (choice to continue despite negative feedback),Agency was measured through children's in-the-moment decisions to continue or stop the task.
74,"Simulating the dynamics of self-regulation, emotion, grit, and student performance in cyber-learning environments",Y,Not applicable,Students and teachers.,Cyber-learning environments using intelligent tutoring systems.,Intelligent Tutoring System (ITS).,MathSpring.,Middle school (grades 6-7).,"Hints, scaffolding, feedback.","Feedback is provided through hints and scaffolding during problem-solving, with emotional states influencing the learning process.",The feedback provided is adaptive and aims to support student learning by addressing both cognitive and emotional needs.,Student agency in seeking help and making choices during learning.,Students have some control over when they receive feedback by requesting hints.,"Success, mastery, hints, time spent on problems.",Agency is measured through the ability to request hints and the impact of emotional states on learning outcomes.
75,Social Constructivism Learning Through Project Based Learning with Scaffolding in Flipped Classroom,Y,Not applicable,Students and teachers.,Flipped classroom with project-based learning.,Not specified.,Digital STATISTIC (DigitSTAT).,Secondary school.,Scaffolding.,Feedback is provided through guidance from teachers and peers during in-class learning activities.,The feedback provided through scaffolding is essential for helping students engage and improve their learning outcomes.,Student agency is present through collaborative learning and peer interaction.,Not specified.,"Performance test, Students’ Engagement questionnaire, and Students’ Perception questionnaire.",Agency is measured through students' engagement and their perceptions of the learning process.
76,Software-based intervention with digital manipulatives to support student conceptual understandings of fractions,Y,Not applicable,Students and teachers.,Classroom setting.,Intelligent Tutoring System (ITS) with adaptive features.,Woot Math Adaptive Learning (WMAL).,4th and 5th grade.,"Task feedback, process-oriented feedback, dynamic feedback.","Feedback is provided through task responses, adaptive videos, and dynamic manipulatives.",The feedback provided is diverse and aims to enhance both task performance and conceptual understanding.,Student agency through adaptive learning paths.,Students have some control over feedback timing through their interactions with the software.,"Assessment scores from pre-, mid-, and post-assessments.",Agency is measured through the adaptive responses and feedback provided based on student performance.
77,Stimulating individual learning of the concept of fraction equivalence: How students utilize adaptive features in digital learning environments mediates their effect,Y,Not applicable (the paper meets the inclusion criteria).,Students and teachers.,Classroom setting during a mathematics lesson.,Adaptive digital learning environment.,Not specified.,Sixth grade.,Individualized feedback.,"Feedback is provided based on real-time process data, adjusting task difficulty and offering explanations for errors.","The feedback provided is intended to enhance understanding and engagement, but its effectiveness varies among students.",Student agency is present through the ability to engage with tasks at their own pace.,Students do not control feedback timing; it is provided based on their performance.,Performance scores on tasks and self-reported measures of engagement.,Agency is measured through self-reported perceptions of competence and autonomy support.
78,Students ignore their mistakes: Elaborated error feedback processing in a digital learning system,Y,Not applicable,Students and teachers.,Secondary education classrooms using a digital learning app.,Adaptive digital learning system.,MasteryX.,Secondary education (Grades 5 to 11).,Elaborated error feedback.,"Feedback is provided after formative mastery assessments, where students can choose to review their errors and receive detailed explanations.","The feedback provided is detailed and aims to help students understand their mistakes, but many students, especially those with lower prior knowledge, may not engage deeply with it.",Student agency in choosing to seek and review feedback.,Students can control when they access feedback after completing assessments.,"Formative mastery assessment scores, number of errors, and percentage of reviewed error feedback items.",Agency is measured through the choices students make regarding feedback access and their reported understanding of feedback.
79,Support prospect of success in mathematics for first-year students in engineering by early feedback,Y,Not applicable,Students,Classroom,Not specified,Online exercise platform,Undergraduate,"Detailed, individual feedback","Feedback is provided after a mandatory test that assesses basic mathematical skills, with detailed evaluations allowing students to identify and work on their weaknesses.",The feedback provided is formative and aims to guide students in improving their mathematical skills based on their test results.,Student agency,Not specified,Success rates and pass rates of the math test,Not specified
80,Supporting Children's Math Learning with Feedback-Augmented Narrative Technology,Y,Not applicable,Students (children in grades 3-5) and teachers.,"Classroom setting, specifically a lab study environment.",Narrative-based learning platform with a tutoring chatbot.,Not specified.,Elementary education (grades 3-5).,Hints and chatbot-mediated feedback.,Feedback is provided through hints and a chatbot during a narrative-based math task.,"The feedback provided is interactive and personalized, enhancing engagement and learning outcomes.",Student agency is present through interaction with the chatbot and choice in the narrative.,Students have some control over when they receive feedback through the hint system and chatbot interactions.,"Learning outcomes assessed through pre- and post-study quizzes, engagement measured via the User Engagement Scale.",Agency is measured through the interaction frequency with the chatbot and the choices made during the narrative.
81,The concept of an agile curriculum as applied to a middle school mathematics digital learning system (DLS),Y,Not applicable,The primary stakeholders in this study are middle school teachers and students.,The context of the study is middle school classrooms where the Math-Mapper 6–8 digital learning system is implemented.,The technology used is a digital learning system (DLS) specifically designed for mathematics education.,The specific tool mentioned is Math-Mapper 6–8.,The education level of the participants is middle school.,"The terms used for feedback include ""immediate feedback,"" ""short-cycle feedback,"" and ""long-cycle feedback.""","Feedback is provided through diagnostic assessments that are linked to learning trajectories, allowing for immediate adjustments in instruction based on student performance.","The feedback provided is actionable and designed to help students identify gaps in their understanding, thus promoting a growth mindset.",There is evidence of student agency as students are involved in interpreting their assessment data and making decisions about their learning.,Students have some control over the timing of feedback as they can access their assessment data and reflect on their understanding at their own pace.,Metrics for evaluation include student performance on diagnostic assessments and the use of heatmaps to visualize class performance.,Agency is measured through students' ability to reflect on their assessment data and their participation in discussions about their learning needs.
82,The Design of Guiding and Adaptive Prompts for Intelligent Tutoring Systems and Its Effect on Students' Mathematics Learning,Y,Not applicable (the paper meets all inclusion criteria).,Students and teachers.,High school mathematics education.,Intelligent Tutoring System (ITS).,MIATS V2.0 (Mathematics Intelligent Assessment and Teaching System).,High school.,Guiding and adaptive prompts.,Feedback is provided through a series of guiding and adaptive prompts during problem-solving tasks in mathematics.,"The feedback provided is personalized and adaptive, aimed at improving student performance in mathematics through tailored prompts.",Student agency is present as students engage with prompts and make choices in their learning process.,Students have some control over the timing of feedback as they progress through the prompts at their own pace.,"Pretest and posttest scores, time taken to complete tasks, and log data from the ITS.",Agency is measured through the analysis of students' engagement with the prompts and their ability to navigate their learning paths.
83,The Design of Incentive Systems in Digital Game-Based Learning: How Primary School Children Interact with It,Y,Not applicable,Primary school children (students) and teachers.,"The study was conducted in two primary schools in Luxembourg City, focusing on students' interactions with a digital game-based learning item.",Digital game-based learning (DGBL) with eye-tracking technology.,"MathleTIC, a digital mathematics game.",Primary school (ages 8-11).,Performance feedback.,"Feedback is provided at the end of the game, summarizing performance and indicating the number of stars earned.","The feedback is primarily summative, lacking elaboration on how to improve performance, which may limit its effectiveness for low-performing students.",Limited student agency; students can see their performance but do not control the timing of feedback.,Students do not control the timing of feedback; it is provided at the end of the game.,The number of stars earned and performance level achieved.,Agency is measured through students' self-reported perceptions and their interactions with the game elements.
84,The Effect of AI-Based Systems on Mathematics Achievement in Rural Context: A Quantitative Study,Y,Not applicable,Students and teachers.,Rural schools in the Southern United States.,AI-based system.,Edmentum Exact Path.,8th grade.,Immediate feedback.,"Feedback is provided through diagnostic assessments and progress checks, with students receiving hints and additional tasks based on their performance.","The feedback provided is personalized and adaptive, aimed at addressing individual learning gaps.",Student agency in controlling their learning pace.,"Yes, students control feedback timing.","Pre-tests and post-tests, Student Engagement Instrument (SEI).",Not specified.
85,The effectiveness of explanatory adaptive feedback within a digital educational game to enhance fraction understanding,Y,Not applicable (the paper meets all inclusion criteria).,"Students (fourth graders, aged 10-11).",Classroom setting during math lessons.,Digital educational game with adaptive feedback.,Number Trace Fraction (NTF) game.,Fourth grade.,Explanatory adaptive feedback and corrective feedback.,"Feedback is provided based on students' performance during gameplay, specifically targeting misconceptions about fractions.","The paper suggests that while explanatory adaptive feedback is intended to help students overcome misconceptions, it did not significantly improve fraction knowledge beyond corrective feedback.",Student agency is present as students control their gameplay and receive feedback based on their responses.,Students receive immediate feedback after each answer.,"Cognitive learning outcomes measured through pre-, post-, and retention tests; non-cognitive outcomes measured through self-reported scales.",Agency is measured through students' ability to control their responses and the feedback they receive based on their performance.
86,"The effects of students' self-efficacy, self-regulated learning strategy, perceived and actual learning effectiveness: A digital game-based learning system",Y,Not applicable,Students,Digital game-based learning system (GBLS),Game-based learning system,Not specified,Undergraduate,Information feedback,Feedback is provided through a GBLS that offers cognitive and outcome feedback based on students' performance.,The feedback provided is formative and aims to enhance students' self-efficacy and learning strategies.,Self-regulated learning agency,Not specified,Perceived learning effectiveness and actual learning effectiveness,Not specified
87,"The impact of an interactive, personalized computer-based teacher professional development program on student performance: A randomized controlled trial",Y,Not applicable,Teachers and middle school students.,Online professional development for mathematics teachers.,Natural language processing (NLP) based interactive feedback system.,Not specified.,Middle school.,Personalized and real-time feedback.,Feedback is provided through a virtual facilitator that analyzes teacher responses and offers hints and prompts based on expectations and misconceptions.,"The feedback is interactive and tailored to the teachers' responses, aiming to enhance their content and pedagogical knowledge.",Teacher agency in professional development.,Teachers control the timing of their feedback through their interactions with the program.,Student performance on mathematics assessments.,Not specified.
88,The Impact of Generative Artificial Intelligence-based Formative Feedback on the Mathematical Motivation of Chinese Grade 4 Students: a Case Study,Y,Not applicable,Students and teachers.,Primary school classroom in China.,Generative AI-based formative feedback.,Class Optimization Master.,Grade 4 (primary education).,Formative feedback.,"Feedback is provided during and after mathematics lessons, based on teacher input, and is aimed at enhancing student motivation.","The feedback provided is specific and personalized, enhancing students' motivation and engagement in mathematics.",Student agency is present through the use of feedback to guide their learning and improvement.,Students do not control the timing of feedback; it is provided by teachers and the AI system.,Student mathematical motivation measured by the Mathematical Motivation Scale.,Agency is measured through students' perceptions of their motivation and engagement in mathematics tasks.
89,The impact of personality type on online learning performance among high school students,N,The paper does not focus on feedback or formative assessment related to mathematics education.,Not specified,Not specified,Not specified,Not specified,Not specified,Not specified,Not specified,Not specified,Not specified,Not specified,Not specified,Not specified
90,The influence of AI apps on enhancing mathematics learning among primary education students,Y,Not applicable,Primary school students,Classroom and mobile learning environment,AI applications for personalized learning,"Smartick, Photomath, Matific, Khan Academy, Aula 365",Primary education,Instant feedback,Feedback is provided through AI applications that allow for personalized learning experiences.,"The feedback provided by AI applications is immediate and tailored to individual student needs, enhancing their learning experience.",Student agency through self-directed learning,Students have some control over feedback timing through the use of AI applications.,Academic performance and understanding of mathematical concepts,Not specified
91,The Influence of Digital Game-based Learning with a Mathematical Game on Calculation Abilities of Grade 3-4 Students: a Case Study,Y,Not applicable,Students and teachers.,Classroom setting.,Digital game-based learning (DGBL).,Oral Math Hero.,Grade 3-4 students.,Task feedback.,Feedback is provided through task forms that allow students to see where they went wrong and adjust their strategies.,"The feedback provided by the game is immediate and helps students learn from their mistakes, which aligns with the concept of formative assessment.",Limited student agency.,Students do not control feedback timing.,"Calculation accuracy, calculation speed, and numerical knowledge.",Not specified.
92,THE SECOND GENERATION OF FEEEDBACK-BASED LEARNING MODEL (FBL-2G) FOR QUANTITATIVE COURSES IN HIGHER EDUCATION,Y,Not applicable,Students and lecturers.,Higher education quantitative courses.,Not specified.,Not specified,Higher education (undergraduate).,"Feedback, diagnosis, prognosis.",Feedback is provided through online questionnaires and monitoring of student progress.,The feedback provided is continuous and aims to address learning difficulties in real-time.,Student agency is present through feedback and questions.,Students can control feedback timing through their responses.,Not specified,Agency is measured through student feedback and responses to the questionnaire.
93,The Teacher Responding Tool: Scaffolding the teacher practice of responding to student ideas in mathematics classrooms,Y,Not applicable,Teachers and students,High school geometry classroom,Natural Language Processing (NLP),Teacher Responding Tool (TRT),High school,Recommendations,Automated recommendations based on student explanations,"The feedback provided is specific and tailored to student responses, enhancing teacher awareness of student ideas.",Teacher agency,Teachers control feedback timing,Degree of responding to student ideas,Teacher reflections on their responding practices
94,Toward learning progression analytics - Developing learning environments for the automated analysis of learning using evidence centered design,Y,Not applicable (the paper meets all inclusion criteria).,Students and teachers.,Digital learning environments in K-12 education.,Intelligent Tutoring Systems (ITS) and Learning Analytics.,Not specified.,K-12 education.,Scaffolding and feedback.,Feedback is provided through continuous assessment and is tailored to individual student needs based on their performance data.,"The feedback provided is adaptive and aims to support individual learning trajectories, aligning with the principles of personalized education.",Student agency is implied through the ability to engage in inquiry-based learning and self-directed tasks.,Not specified.,Learning trajectories and performance data from digital interactions.,Not specified.
95,Towards a Theoretical Foundation for Quality Tablet App-Enriched Learning Environments in Primary School Mathematics Education,Y,Not applicable,Students and teachers.,Primary school mathematics education.,Tablet applications.,Not specified.,Primary school.,Feedback and scaffolding.,"Feedback is provided through interactions with the app, which can respond to student inputs.",The feedback provided by the apps is designed to be responsive and supportive of student learning.,Student agency is present as students can make choices in their learning paths.,Students have some control over the timing of feedback as they interact with the app.,Not specified.,Not specified.
96,Transferable Student Performance Modeling for Intelligent Tutoring Systems,Y,"Not applicable, as the paper meets the inclusion criteria.",Students and course designers.,Online tutoring systems for mathematics education.,Intelligent Tutoring Systems (ITS) utilizing machine learning algorithms.,Squirrel Ai ElemMath2021 dataset.,Elementary school students.,Personalized feedback.,Feedback is provided based on student interaction history and performance predictions.,"The feedback provided is adaptive and personalized, based on the student's interaction history and performance predictions.","Limited student agency, as the system adapts based on performance data.",Students do not control feedback timing; it is based on their interaction data.,Accuracy (ACC) and area under the curve (AUC).,Not specified.
97,Updating Calculus Teaching with AI: A Classroom Experience,Y,Not applicable,Students and teachers.,Classroom setting for teaching calculus.,"AI Tutoring System, including ChatGPT, MathGPT, Gemini, and Wolfram Alpha.","ChatGPT, MathGPT, Gemini, and Wolfram Alpha.",Bachelor level (undergraduate).,"Immediate feedback, personalized feedback.",Feedback is provided in real-time as students interact with AI tools while solving calculus problems.,"The feedback provided by AI is immediate and personalized, which helps students understand their mistakes and improve their problem-solving skills.",Student agency is present as students choose which AI tools to use and how to interact with them.,Students have control over when they receive feedback as they interact with the AI tools.,"Student performance assessments, questionnaires capturing student perceptions, and records of student interactions with AI.",Agency is measured through the autonomy students have in selecting AI tools and their involvement in refining prompts for better feedback.
98,Uruguayan teachers faced with the implementation of the Mathematical Adaptive Platform to learn and teach Mathematics,,,,,,,,,,,,,,
99,Using a constraint-based expert model to provide step-level feedback for user-inputted mathematics equations,Y,Not applicable,Students and teachers.,Web-based homework system for mathematics education.,Constraint-Based Intelligent Tutoring System (CBT).,SANYMS (Show and Name Your Math Steps).,Secondary and collegiate mathematics education.,Step-level feedback.,"Feedback is provided at each step of problem-solving, allowing students to correct their work before moving on.","The feedback provided is immediate and specific to the step being attempted, which enhances learning by allowing students to correct errors in real-time.",Student agency in choosing problem-solving steps.,Students control the timing of feedback by choosing when to submit their work.,Correctness of each step and overall solution.,Not specified.
100,Using AI chatbots to facilitate mathematics preservice teachers' noticing skills,Y,Not applicable,Preservice teachers (PSTs),Teacher education seminars,Generative AI chatbot,NiCo (Noticing Companion),Graduate level (Master's program),"Support, feedback",Feedback is provided through structured dialogues about classroom situations observed in videos.,The feedback provided by NiCo is primarily focused on enhancing teacher noticing skills rather than delivering new content knowledge.,Limited student agency,Students do not control feedback timing,"Surveys on motivation, utility, future use, and usability",Self-assessment of AI competence
101,Using AI to Promote Equitable Classroom Discussions: The TalkMoves Application,Y,Not applicable,Teachers and students,Classroom discussions in mathematics education,AI-driven platform utilizing deep learning for natural language processing,TalkMoves application,K-12 (elementary and secondary),Detailed feedback,Automated analysis of teaching episodes with near real-time feedback,"The feedback is specific and instructional, aimed at improving discourse practices",Student agency in discourse participation,Not specified,F1 score and Cohen’s kappa,Not specified
102,Using Large Language Models to Assess Tutors' Performance in Reacting to Students Making Math Errors,Y,Not applicable,Students and tutors.,Real-life tutoring sessions.,Large Language Models (LLMs).,GPT-3.5-Turbo and GPT-4.,Middle school.,Not specified,Feedback is provided through indirect guidance and leading questions during tutoring sessions.,The feedback provided is indirect and focuses on encouraging self-correction rather than directly pointing out errors.,Student agency in self-correction.,Not specified.,F1 scores for various criteria of tutor responses.,Not specified.
103,Using Large Language Models To Diagnose Math Problem-solving Skills At Scale,Y,Not applicable,Students and teachers.,Elementary school mathematics education.,Large Language Model (LLM).,Not specified.,Elementary school.,Personalized feedback.,The feedback is provided based on the diagnosis of students' answers using a rubric generated by the LLM.,"The feedback provided is tailored to the individual student's performance based on the rubric, indicating a personalized approach.",Limited student agency; feedback is primarily instructor-driven.,Not specified.,Accuracy of diagnosis results compared to expert evaluations.,Not specified.
104,Utilizing Learning-Analytics-Based Activities as a Bridge to Enhance Elementary Students' Mathematical Learning,Y,Not applicable,Students and teachers.,Classroom and digital platform.,Learning analytics (LA).,Moodle.,Primary education (fifth and sixth grade).,Formative assessment.,Feedback is provided through real-time insights based on learning analytics data.,"The feedback provided is formative and data-driven, allowing for real-time adjustments in teaching strategies.",Student agency in learning pace and task completion.,Students have some control over feedback timing as they complete tasks at their own pace.,"Pretest and posttest scores, student engagement metrics.",Agency is measured through student engagement and performance metrics on tasks.
105,Virtual tutor and pupil interaction: A study of empathic feedback as extrinsic motivation for learning,Y,Not applicable,Students (children aged 9-11 years),Classroom setting,Embodied Conversational Agent (ECA),Virtual Interactive Behavior (VIB) platform,Primary school (fifth grade),Formative feedback,Feedback provided through verbal and facial expressions,Feedback is perceived as more effective when empathic,Student agency in response to feedback,Not specified,"Accuracy rates, reaction times, and questionnaire responses",Not specified
106,What makes tablet-based learning effective? A study of the role of real-time adaptive feedback,Y,Not applicable,Students and teachers.,Classroom setting.,Intelligent Tutoring System (ITS) with real-time adaptive feedback.,IntuiGéo app.,Seventh graders.,Real-time corrective feedback.,"Feedback is provided immediately after drawing segments or angles, indicating correctness with color coding (green for correct, red for incorrect).","The feedback provided is immediate and corrective, which aligns with the paper's focus on enhancing learning through real-time feedback.",Limited student agency; feedback is controlled by the system.,Students do not control feedback timing; it is provided automatically by the system.,Success in drawing geometric shapes and angle differences.,Not specified.
107,Work in Progress: Investigating ChatGPT for Grading Algebra Problems,Y,"Not applicable, as the paper meets the inclusion criteria.",Students and instructors.,Classroom setting within an algebra course.,AI language model (ChatGPT).,ChatGPT.,Undergraduate.,AI-generated feedback.,"Feedback is provided after students submit their algebra problems, with structured prompts to replicate classroom grading conditions.","The feedback provided by ChatGPT is intended to be constructive and educational, aiming to improve student understanding, though its effectiveness may vary.",Limited student agency in feedback timing; feedback is provided after submission.,Students do not control feedback timing; feedback is given post-submission.,"Accuracy, precision, recall, F1-score, and clarity of feedback.",Not specified.
108,"Workshop: Design and Application of Collaborative, Dynamic, Personalized Experimentation",Y,Not applicable,"Students, teachers, researchers","Digital educational environments, classroom, online problems","Artificial intelligence, machine learning",www.assistments.org,"Middle school, university","Hints, explanations, motivational messages, feedback",Dynamic experimentation with real-time data analysis,"The feedback provided is adaptive and based on real-time data, enhancing its relevance and effectiveness.",Student agency through feedback adaptation,Not specified,"Engagement measures, learning accuracy, time spent on problems",Not specified
109,Your body tells how you engage in collaboration: Machine-detected body movements as indicators of engagement in collaborative math knowledge building,Y,Not applicable,Pre-service math teachers (K-12),Online collaborative learning intervention,Machine-detected body movements using multimodal learning analytics,The Hidden Village (THV) and Conjecture Editor (THV-CE),K-12 pre-service teachers,Not specified,Machine-detected body movements are used to infer engagement levels during collaborative knowledge construction. Feedback is provided through the analysis of these movements in relation to verbal and nonverbal contributions.,"The paper suggests that machine-detected body movements can serve as valid indicators of engagement, which aligns with the observed increase in verbal and nonverbal contributions during collaborative activities.",Student agency in collaborative knowledge construction,Not specified,"Variance in upper body movements, number of gestures, and verbal utterances",Not specified
