Title,Include in Review (Y/N),Exclusion Reason,1.1 Primary Stakeholders,1.1 Primary Stakeholders - Source,1.2 Context,1.2 Context - Source,1.3 Tech/AI type,1.3 Tech/AI type - Source,1.4 Tool/Platform,1.4 Tool/Platform - Source,1.5 Education level,1.5 Education level - Source,2.1 Feedback term,2.1 Feedback term - Source,2.2 Description of context,2.2 Description of context - Source,2.3 Our evaluation,2.3 Our evaluation - Source,3.1 Agency type,3.1 Agency type - Source,3.2 Feedback timing control,3.2 Feedback timing control - Source,4.1 Metrics for evaluation,4.1 Metrics for evaluation - Source,4.2 Measurement of agency,4.2 Measurement of agency - Source
Real Time Ai Driven Assessment and Scaffolding That Improves Students’ Mathematical Modeling During Science Investigations,Y,Not applicable (the paper meets all inclusion criteria).,Students and teachers.,"""Participants included 70 students across four eighth grade science classes taught by the same teacher from the same school..."" (Section 2.1, page 204).",Classroom setting during science investigations.,"""Students completed two Inq-ITS mathematical modeling virtual labs during their regularly scheduled classes."" (Section 2.1, page 204).",AI-driven scaffolding and assessment.,"""We present the design and initial classroom test of AI-scaffolded virtual labs that help students practice these competencies."" (Abstract, page 202).",Inquiry Intelligent Tutoring System (Inq-ITS).,"""In this paper, we evaluate the design of virtual labs in the Inquiry Intelligent Tutoring System (Inq-ITS)..."" (Section 1, page 203).",Eighth grade.,"""Participants included 70 students across four eighth grade science classes..."" (Section 2.1, page 204).",Scaffolding.,"""The labs automatically assess fine-grained sub-components of students’ mathematical modeling competencies based on the actions they take to build their mathematical models..."" (Abstract, page 202).","Feedback is provided in real-time as students work through virtual labs, with scaffolding triggered by their performance on specific tasks.","""If the student completes the task correctly (i.e., receives 1 for all sub-practices), they can proceed to the next stage. If not, individualized scaffolding is automatically triggered..."" (Section 2.3, page 208).","The feedback provided is targeted and specific, addressing the individual difficulties students face in mathematical modeling.","""This proactive approach was chosen because students often cannot recognize when to ask for help..."" (Section 2.3, page 208).",Limited student agency; students receive scaffolding based on their performance.,"""Students also have the option to ask further predefined questions to the agent to receive definitions for key terms..."" (Section 2.3, page 209).",Students do not control feedback timing; it is provided based on their performance.,"""Individualized scaffolding is automatically triggered based on the sub-practices on which the student was correct or incorrect..."" (Section 2.3, page 208).",Average scores of sub-practice competencies before and after scaffolding.,"""To measure students’ competencies, students’ stage scores are calculated as the average of the sub-practice scores for that stage..."" (Section 2.4, page 210).",Not specified.,"""Not specified."""
Enhancing Formative Assessment in Statistics Through Classroom Action Research,Y,Not applicable,Students and instructors in a higher education statistics class.,"""The formative assessments developed were administered asynchronously, where students were initially given 7 days to answer each activity at their convenience."" (Methods and action plan, p. 386)",Higher education statistics class during the COVID-19 pandemic.,"""This study is rooted in my multi-disciplinary three-unit statistics class at a private higher education institution in the Philippines."" (Context of the study, p. 382)",Learning Management System (LMS).,"""One of the web-based technologies is the Learning Management System (LMS), which is intended to improve education delivery by assisting instructors in managing activities online."" (Introduction, p. 382)",MyOpenMath.,"""We opted for adopting MyOpenMath as our platform primarily because it has all the functions we needed."" (Methods and action plan, p. 386)",Higher education (undergraduate).,"""The class has 33 student participants, 19 males and 14 females, with an average age of 18.54."" (Methods and action plan, p. 386)",Immediate feedback.,"""We deemed it necessary to incorporate immediate feedback per item in the formative assessment that we were designing."" (Action implementation: formative assessment development, p. 388)","Formative assessments were delivered asynchronously through the LMS, allowing students to practice statistical exercises and receive immediate feedback on their answers.","""Using LMS allowed me to administer formative assessments that can be automatically administered, retrieved, and graded."" (Context of the study, p. 383)","The feedback provided was immediate and aimed to correct misconceptions, which aligns with the purpose of formative assessment.","""The immediate feedback from the system motivated them to identify their mistakes and strive to get the correct answer."" (Concluding remarks, p. 392)",Student agency in controlling the timing and attempts of their assessments.,"""The formative assessment allowed students to assess themselves and find ways to improve in the course."" (Reflection and insights, p. 391)","Yes, students could control the timing of their feedback by re-attempting questions.","""We structured the formative assessment items to allow students 100 tries (the limit of MyOpenMath) to reattempt problems they missed."" (Action implementation: formative assessment development, p. 388)","Student reflections, average number of attempts, and time spent per attempt.","""We note the average number of attempts and average time students spent per attempt in the formative assessments through the data analytics of MyOpenMath."" (Action evaluation: utilization of LMS-supported formative assessment, p. 390)",Agency was measured through student reflections on their learning experiences and their ability to manage their assessment attempts.,"""Students expressed that they appreciate that they can partially answer the activity, take a break, and return to where they left off."" (Action evaluation: utilization of LMS-supported formative assessment, p. 390)"
Analyzing Students’ Performance in Computerized Formative Assessments to Optimize Teachers’ Test Administration Decisions Using Deep Learning Frameworks,Y,Not applicable,Students and teachers.,"""the proposed system would greatly help teachers make more systematic and informed test administration decisions"" (Introduction, p. 72).",Classroom setting with computerized formative assessments.,"""computerized formative assessments in the classroom allows teachers to assess students’ learning continuously and more frequently"" (Introduction, p. 72).","Deep learning frameworks, specifically Long Short-Term Memory (LSTM) networks.","""we introduced a deep learning framework to predict and optimize the number of test administrations"" (Introduction, p. 72).",Star Math assessment.,"""the dataset used in the study was collected from Star Math—a well-known formative assessment used for screening and progress monitoring purposes"" (Methods, p. 78).",First graders.,"""performance scores of 10,107 students in grade 1"" (Methods, p. 78).",Not specified.,"""Not specified"" (Not applicable).",The feedback mechanism involves predicting the optimal number of test administrations based on students' performance data.,"""the purpose of the current study was to introduce a systematic and automatic framework that could detect the students’ learning progress to determine whether more test administrations are required in math formative assessments"" (Discussion and conclusion, p. 89).","The feedback provided is predictive in nature, aimed at optimizing test administration rather than traditional feedback mechanisms.","""our model could successfully predict the test administration decision with a relatively short sequence of previous performance scores"" (Discussion and conclusion, p. 89).",Teacher agency in decision-making regarding test administration.,"""teachers are expected to monitor 20–30 students’ academic progress"" (Introduction, p. 73).",Not specified.,"""Not specified"" (Not applicable).","Accuracy, precision, recall, and F1-score.","""we used commonly employed classification accuracy metrics, such as the average accuracy, precision, recall, and F1-score"" (Methods, p. 80).",Not specified.,"""Not specified"" (Not applicable)."
Enhancing Students ' Preparation for Math Exams Using the Advanced Features of the Halomda Platform,Y,Not applicable,Students and educators.,"""the goal is to discuss how to enhance students’ self-preparation for math exam"" (Introduction, page 1).",Classroom and exam preparation.,"""students' preparation for mathematics exams is very important"" (Introduction, page 1).",AI-assisted learning platform.,"""the Halomda platform provides students with active feedback during the solution of the current task"" (Section 3, page 24).",Halomda platform.,"""The Halomda platform (halomda.org) was established in 1988 in Israel"" (Section 2, page 23).",College/University level.,"""students often read rapidly to cover as much material as possible"" (Introduction, page 1).","Active feedback, advice, comments.","""the system provides different type of comments in a case of wrong answer"" (Section 3, page 24).","Feedback is provided during problem-solving, with options for students to receive help from AI or other tools.","""the system proposes the students to get some advice from ChatGPT"" (Section 3, page 24).","The feedback provided is interactive and aims to guide students through their learning process, enhancing understanding rather than just providing answers.","""active feedback from the system, together with the built-in tool, contributes to the sustainability of students’ knowledge"" (Section 5, page 26).",Self-directed learning agency.,"""students have two options – recall the integration by parts formula using ChatGPT"" (Section 4, page 25).",Students can control when they receive feedback during their problem-solving process.,"""students receive various type of help or are forced to select a result"" (Section 4, page 25).",Improvement in self-efficacy and exam performance.,"""leading to a subsequent enhancement of their self-efficacy in mathematics"" (Introduction, page 1).",Not specified.,"""Not specified"" (Section 3, page 24)."
Algebra Error Classification with Large Language Models,Y,Not applicable,Students and teachers.,"""This component enables teachers to provide personalized feedback at scale, since they can write feedback once that applies to many students."" (Introduction, page 366)",Not specified,Not specified,Pre-trained Large Language Models (LLMs).,"""We propose a method that overcomes the above limitations by using pre-trained Large Language Models (LLMs) for algebra error classification."" (Contributions, page 366)",Cognitive Tutor.,"""The dataset contains logs of students’ step-by-step responses to questions in an Algebra I course... during student interactions with an ITS named Cognitive Tutor."" (Experimental Evaluation, page 369)",Middle school (Algebra I).,"""We consider a question from an introduction to algebra class."" (Methodology, page 367)","Automated feedback, hints, descriptive feedback.","""The feedback messages vary in length from short hints, such as 'Check your sign.' to more descriptive feedback, such as 'You are dividing a positive by a negative. The result should be negative'."" (Experimental Evaluation, page 369)",Feedback is generated based on detected student errors during the problem-solving process.,"""Once detected, the error class then informs the feedback generator which feedback is appropriate to provide to the student."" (Introduction, page 366)","The feedback provided is immediate and tailored to specific errors, enhancing learning.","""This direct, timely feedback enables immediate learning and helps students refine their math skills at their own pace."" (Introduction, page 366)",Limited student agency; feedback is predefined and based on error classification.,"""This is especially important for open-ended math questions, where students have to reason step-by-step and one error can lead a student away from the correct solution."" (Introduction, page 366)",Students do not control feedback timing; feedback is provided based on error detection.,"""In these cases, the ITS showed an automated feedback message to the student indicating an error made during the equation-solving process."" (Experimental Evaluation, page 369)",Classification accuracy.,"""For error classification, our primary metric is classification accuracy, i.e., percentage of correctly predicted classes in the test set."" (Experimental Evaluation, page 370)",Not specified.,"""Not specified."""
"“i Didn’t Understand, I´m Really Not Very Smart”—how Design of a Digital Tutee’s Self Efficacy Affects Conversation and Student Behavior in a Digital Math Game",Y,Not applicable (the paper meets the inclusion criteria).,Students and digital tutees (pedagogical agents).,"""we explore the effects of designing a pedagogical agent’s self-efficacy in order to see what effects this has on students’ interaction with it."" (Introduction, page 1)",The context is a digital math game where students interact with a digital tutee.,"""We have analyzed chat logs from an educational math game incorporating an agent, which acts as a digital tutee."" (Abstract, page 1)",Conversational pedagogical agent.,"""Our digital tutee also belongs to the pedagogical agent subgroup called conversational pedagogical agents."" (Section 1.1, page 3)",The Squares Family (math game).,"""The math game 'The Squares Family' trains basic arithmetic skills related to the base-ten concept."" (Section 2.1, page 5)",Fourth graders.,"""In total, 166 fourth graders (83 girls and 83 boys) participated in the data collection."" (Section 2.3, page 10)",Recursive feedback.,"""This type of feedback is what [29] call recursive feedback, namely feedback that occurs when the tutor observes her students use what she has taught them."" (Section 1.1, page 3)","Feedback is provided through chat after game sessions, reflecting the digital tutee's self-efficacy.","""The chat always started with a feedback-sentence that expressed the digital tutee’s self-efficacy (high or low)."" (Section 2.1.1, page 6)",The feedback provided by the digital tutee is designed to influence student engagement and self-efficacy positively.,"""Students responded more frequently to feedback from a digital tutee with low self-efficacy, and these responses were mostly positive."" (Results, page 13)",Student agency is present as students interact with and teach the digital tutee.,"""By teaching the agent, the student at the same time learns for herself."" (Section 1.1, page 3)",Students do not control the timing of feedback; it is provided after game sessions.,"""The chat appeared after every finished game."" (Section 2.1.1, page 6)",Frequency of responses to feedback and performance on multiple-choice questions.,"""To measure the students’ responses to the feedback provided by the tutee we used the code 'AnswerToFeedback' (AFB)."" (Section 2.5.1, page 11)",Agency is measured through the students' interactions and comments during the chat.,"""The comments in question appeared in the free conversation following the feedback from the digital tutee."" (Results, page 13)"
The Concept of an Agile Curriculum as Applied to a Middle School Mathematics Digital Learning System (dls),N,PDF processing issues - requires manual review,Processing failed,Processing failed,Processing failed,Processing failed,Processing failed,Processing failed,Processing failed,Processing failed,Processing failed,Processing failed,Processing failed,Processing failed,Processing failed,Processing failed,Processing failed,Processing failed,Processing failed,Processing failed,Processing failed,Processing failed,Processing failed,Processing failed,Processing failed,Processing failed
Development of a Generative Ai Powered Teachable Agent for Middle School Mathematics Learning a Design Based Research Study,Y,Not applicable,Middle school students and teachers.,"""The three empirical studies involved a total of 320 middle school students and six teachers in authentic classroom settings."" (Introduction, p. 2043)",Authentic classroom settings.,"""This study chronicles one usability testing and three cycles of iterative design and implementation process of ALTER-Math."" (Introduction, p. 2043)",Generative AI-powered teachable agent.,"""This study designed and developed a generative AI-powered teachable agent to support secondary school students' mathematics learning."" (Introduction, p. 2043)",ALTER-Math.,"""We name the generative AI-powered teachable agent for mathematics learning ALTER-Math."" (Introduction, p. 2043)",Middle school.,"""This study designed and developed a generative AI-powered teachable agent to support secondary school students' mathematics learning."" (Introduction, p. 2043)","Feedback, hints, and guidance.","""This feedback can take various forms, such as quizzes, simulations or real-world tasks that the agent attempts to complete based on the instruction it has received."" (Teachable agent, p. 2046)","Feedback is provided as students teach the agent, reflecting their understanding and effectiveness.","""As students teach the agent, the system provides feedback on the agent's performance, which indirectly reflects the student's teaching effectiveness and understanding of the subject matter."" (Teachable agent, p. 2046)","The feedback mechanism aligns with the learning-by-teaching approach, enhancing understanding through teaching.","""This promotes self-regulated learning by involving students in the active teaching of the agent, naturally leading them to organise, monitor and evaluate their own learning progress."" (Teachable agent, p. 2046)",Student agency through teaching the AI agent.,"""Learning by teaching is realised in different formats, such as peer tutoring, where students engage in one-on-one or one-on-multiple tutoring sessions to teach younger or less knowledgeable peers."" (Theoretical framework, p. 2048)",Students control the timing of feedback through their interactions with the agent.,"""Students' teachable agent would gain different points based on their selected difficulty level and types of interaction."" (Design and development of ALTER-Math, p. 2052)","Pre- and post-knowledge tests, usability surveys, and qualitative feedback.","""The final study included pre- and post- knowledge tests in a quasi-experimental study design as well as student and teacher interviews."" (Methods, p. 2050)",Agency is measured through students' ability to teach the agent and their reflections on the teaching process.,"""This allows students to practice in authentic contexts and receive timely, relevant explanations."" (Teachable agent, p. 2046)"
Stimulating Individual Learning of the Concept of Fraction Equivalence,Y,Not applicable,"Students, specifically sixth-grade students.","""Participants were 300 sixth-grade students from secondary schools in Germany."" (Method, page 4)",Classroom setting during a mathematics lesson focused on fractions.,"""The study was conducted at the beginning of the school year 2022/2023."" (Method, page 5)",Adaptive digital learning environment.,"""The experimental group used an adaptive digital learning environment for practice."" (Method, page 4)",Not specified.,"""The digital learning environment offers three tasks..."". (Material, page 6)",Sixth grade.,"""The instruction of equivalent fractions in our study is grounded in Bruner’s (1960) theory on the levels of representation."" (Method, page 5)",Individualized feedback.,"""The digital learning environment provides individualized adaptive feedback and difficulty levels based on real-time process data."" (Material, page 6)","Feedback is provided based on students' performance, adjusting task difficulty and offering explanations for errors.","""The feedback is based on scientific recommendations... which include a combination of positive reinforcement and explanatory feedback."" (Material, page 6)","The feedback provided is both corrective and explanatory, aimed at enhancing understanding of fractions.","""Explanatory feedback... is designed to provide both correctness verification and targeted guidance to support conceptual understanding."" (Material, page 6)",Student agency is present as students can control their learning pace and task selection.,"""Students perceive themselves as competent in their ability to cope with the demands of their environment."" (Discussion, page 14)",Students do not control the timing of feedback; it is provided based on their performance in real-time.,"""The subsequent set is generated from the next higher level—otherwise, the user remains at the same level."" (Material, page 6)",Performance scores on fraction tasks and self-reported measures of engagement.,"""The assessment test of equivalent fractions performance in the posttest consisted of questions regarding conceptual aspects of expanding and reducing fractions."" (Method, page 8)",Agency is measured through self-reported perceptions of competence and autonomy support.,"""We operationalized students’ motivational and emotional orientations regarding mathematics in general as a trait assessment with self-reports."" (Method, page 8)"
Towards a Theoretical Foundation for Quality Tablet App Enriched Learning Environments in Primary School Mathematics Education,Y,Not applicable; the paper is in English and is related to mathematics education and feedback.,Students and teachers.,"""The proposed model may be meaningful for teachers’ decision making when selecting and implementing touchpad-apps in their instructional practices..."" (Section 5, page 126).",Primary school mathematics education.,"""This paper discusses the quality of the expanding amount of tablet applications for primary school mathematics..."" (Introduction, page 122).",Tablet applications.,"""tablet apps for learning mathematics appears in diverse forms..."" (Introduction, page 122).",Not specified.,"""The app 'Klipp Klapp' is a closed environment for developing spatial abilities..."" (Section 5, page 124).",Primary school.,"""tablet apps for primary school mathematics..."" (Introduction, page 122).",Feedback and scaffolding.,"""C4 feedback and scaffolding..."" (Table 1, page 125).","Feedback is provided through interactions with the app, allowing students to explore and create tasks.","""the app is designed to enable task design by teachers or task-formats by students through guidance..."" (Section 5, page 124).","The feedback provided by the apps is adaptive and allows for exploration, which aligns with the constructivist approach to learning.","""the design and implementation of tasks, task formats and learning environments in tablet apps is not one directional and linear..."" (Section 5, page 126).",Student agency is present as students can make choices in prioritizing tasks.,"""students are allowed to make own choices in prioritizing a particular task..."" (Section 5, page 124).",Students have some control over the timing of feedback as they interact with the app.,"""the app is designed to enable task design by teachers or task-formats by students..."" (Section 5, page 124).",Not specified.,"""the proposed theoretical framing can stimulate further scientific debates about possible re-designs..."" (Conclusion, page 128).",Not specified.,"""Not specified"" (no direct measurement of agency is discussed in the paper)."
Work in Progress Investigating Chatgpt for Grading Algebra Problems,Y,"Not applicable, as the paper meets the inclusion criteria.",Students and instructors.,"""The study aims to evaluate the impact of AI-based grading on student learning outcomes, engagement, and grading efficiency while maintaining pedagogical rigor."" (Section II, METHODOLOGY)",Classroom setting within an algebra course.,"""This study investigates the feasibility of integrating ChatGPT as an AI-driven grading tool in an algebra course through a pilot implementation within a structured learning environment."" (Section II, METHODOLOGY)",AI language model (ChatGPT).,"""This study investigates the feasibility of integrating ChatGPT, an advanced AI language model, as a grading tool for algebra problems."" (Section I, INTRODUCTION)",ChatGPT.,"""Experimental Group: Students whose assignments are graded using AI-generated feedback."" (Section II, METHODOLOGY)",Undergraduate.,"""The study will be conducted within an undergraduate algebra course, ensuring a representative sample of students."" (Section II, METHODOLOGY)",AI-generated feedback.,"""The experimental group will receive AI-generated feedback, while traditional instructors will grade the control group."" (Section II, METHODOLOGY)","Feedback is provided after students submit their algebra problems, with structured prompts to replicate classroom grading conditions.","""Each prompt includes the algebra problem, the student’s submission, and a request for detailed feedback."" (Section II, METHODOLOGY)","The feedback provided by ChatGPT is intended to be constructive, aiming to improve student understanding, though its effectiveness may vary.","""The findings will contribute to ongoing discussions on AI’s role in educational assessment and inform future implementations of AI-driven grading systems."" (Section I, INTRODUCTION)",Limited student agency in feedback timing; feedback is provided after submission.,"""The experimental group will receive AI-generated feedback, while traditional instructors will grade the control group."" (Section II, METHODOLOGY)",Students do not control feedback timing; feedback is given post-submission.,"""The experimental group will receive AI-generated feedback, while traditional instructors will grade the control group."" (Section II, METHODOLOGY)","Accuracy, precision, recall, F1-score, and qualitative assessments of feedback clarity and relevance.","""Quantitative metrics include: Accuracy: The percentage of ChatGPT’s assessments that match the expected assessment."" (Section II, METHODOLOGY)",Not specified.,"""Not specified."""
The Influence of Ai Apps on Enhancing Mathematics Learning Among Primary Education Students,Y,Not applicable,Primary school students,"""The influence of artificial intelligence (AI) applications on enhancing mathematics learning in primary school students exhibits a growing trend in academic performance."" (Abstract)",Classroom and mobile learning environment,"""These applications, along with the use of mobile devices, offer personalized tools tailored to the students' needs, enabling them to effectively improve their mathematical skills."" (Abstract)",AI applications,"""The instant feedback and interactive resources provided by AI apps contribute to more dynamic and efficient learning."" (Abstract)","Smartick, Photomath, Matific, Khan Academy, Aula 365","""In the analysis of applications with artificial intelligence related to the teaching of mathematics for primary level students, we identified that the following applications are used in Latin America: Photomath... Smartick... Matific... Khan Academy... Aula 365."" (III. RESULT AND DISCUSSION)",Primary education,"""Artificial intelligence is having an increasing impact on education, including the learning of mathematics among primary school students in Peru."" (IV. CONCLUSIONS)",Instant feedback,"""AI can also help teachers identify the individual needs of each student and design more effective teaching strategies."" (IV. CONCLUSIONS)",Feedback is provided through AI applications that allow for personalized learning and support in areas where students need it.,"""This allows students to learn at their own pace and receive additional support in areas where they need it."" (IV. CONCLUSIONS)","The feedback provided by AI applications is immediate and tailored to individual student needs, enhancing their learning experience.","""The findings underscore the importance of using AI applications as a technological support tool in teaching."" (III. RESULT AND DISCUSSION)",Student agency through self-directed learning,"""It is understood that the advancement of new technologies has evolved rapidly, causing most people to feel lost with these tools, as they have facilitated work in various contexts."" (III. RESULT AND DISCUSSION)",Students have some control over feedback timing through the use of AI applications.,"""Mobile applications are a useful tool for teaching with the STEAM methodology, as they allow students to access information quickly and easily."" (III. RESULT AND DISCUSSION)",Academic performance and understanding of mathematical concepts,"""The performance of Peruvian students has improved compared to the Latin American region."" (III. RESULT AND DISCUSSION)",Not specified,"""Not specified"""
“exceptional Talent and Enthusiasm for Math” an Examination of Storylines Circulated by Chatgpt About Mathematical Learners,Y,Not applicable (the paper meets the inclusion criteria).,Students and teachers.,"""Professional organizations, such as the National Council for Teachers of Mathematics (NCTM, 2024), have advocated the benefits of AI powered tools to support teachers by reducing labor burdens, leveraging student interests, providing individualized feedback, and even serving as a 'teacher assistant'."" (Introduction, page 1621)",Classroom and educational settings.,"""Given the rise in AI chatbots in education, the instructional burden of providing students with individualized math writing feedback..."" (The Current Study, page 1625)",AI chatbot (ChatGPT).,"""To understand how AI chatbots participate in such storylines, we examined ChatGPT’s feedback to different learners’ mathematical writing in an exploratory study."" (Abstract, page 1620)",ChatGPT.,"""Data for this study was collected between April and July of 2023 from Open AI’s chatbot, ChatGPT 3.5."" (Methods, page 1625)",Elementary education (fifth grade).,"""We next told ChatGPT, 'You are now an elementary math teacher.'"" (Methods, page 1625)","Feedback, praise, support.","""The feedback included: 1) greeting, 2) opening praise, 3) discussed mathematical content (2-3 paragraphs), 4) worked-out solution (if it identified the answer as wrong), 5) closing praise (1-2 paragraphs), 6) offer of ongoing support, and 7) signature."" (Data Analysis, page 1626)","Feedback is provided in a structured format, including praise and discussion of mathematical content, and is tailored based on the learner's characteristics.","""The feedback produced by ChatGPT when prompted to respond as a teacher had a predictable structure, which allowed us to easily compare iterations."" (Data Analysis, page 1626)","The feedback provided by ChatGPT reflects existing narratives and biases about different learners, which may not align with the actual capabilities of the students.","""While it is unlikely that a practicing teacher would elicit feedback from ChatGPT (or other AI chatbots) in the same manner we have, it is important for educators, teacher educators, and researchers to understand the extent that emergent AI tools have learned to participate in broader storylines about mathematical learners."" (Discussion, page 1631)",Limited student agency; feedback is primarily teacher-directed.,"""ChatGPT does not appear to have rewritten, per se, feedback to each new student, but to have modified its previous feedback with apparently targeted changes and random variations."" (Limitations and Future Research, page 1632)",Not specified; feedback is generated based on the input provided without indication of student control over timing.,"""At the time of data collection, it was not fully known whether or how previous interactions within one chat affect ChatGPT’s responses."" (Methods, page 1625)",The study evaluates the quality of feedback based on its alignment with existing narratives and the effectiveness of the feedback structure.,"""We used positioning theory as our conceptual framework... to analyze the data."" (Data Analysis, page 1626)",Not specified; the paper does not detail how agency is measured.,"""Not specified."""
Constraint Based Student Modelling in Probability Story Problems with Scaffolding Techniques,Y,Not applicable,Students and teachers.,"""The subjects of the test were students enrolled in the third secondary level in the Egyptian educational system."" (Section 8.1, page 196)",Classroom setting with a focus on probability story problems.,"""MAST is a Web-based intelligent tutoring system for probability story problems."" (Section 4, page 181)",Intelligent Tutoring System (ITS) utilizing Constraint-Based Modeling (CBM).,"""Constraint-Based student Modeling (CBM) is an important technique employed in intelligent tutoring systems to model student knowledge."" (Section 1, page 178)",Math Story Problem Tutor (MAST).,"""This paper introduces the Math Story Problem Tutor (MAST), a Web-based intelligent tutoring system for probability story problems."" (Section 1, page 178)",Secondary education (third secondary level).,"""The subjects of the test were students enrolled in the third secondary level in the Egyptian educational system."" (Section 8.1, page 196)","Scaffolding feedback, hints, and keywords highlighting.","""MAST exploits both scaffolding questions and scaffolding feedback."" (Section 7, page 194)",Feedback is provided through highlighting keywords and scaffolding questions to guide students in solving probability problems.,"""MAST provides different levels of feedback. It starts by presenting a clue to the student by highlighting the related violated constraint keywords."" (Section 7.2, page 195)","The feedback provided is specific and targeted, aiming to help students understand their errors and correct them effectively.","""MAST introduces visual hints to the student in addition to the general feedback."" (Section 7.2, page 195)",Limited student agency; students can request hints and control some aspects of their learning process.,"""In case of an error in the event set representation question, the student may request help by requesting a hint."" (Section 7.2, page 195)","Students have some control over when they receive feedback, especially through requesting hints.","""In case of an error in the event set representation question, the student may request help by requesting a hint."" (Section 7.2, page 195)","Paired samples t-test, normalized knowledge gain, Mann-Whitney U test, and power learning curves.","""The tutoring effect of MAST has been evaluated empirically using different tests (paired samples t-test, normalized knowledge gain, Mann-Whitney U test, and power learning curves)."" (Section 1, page 178)","Agency is measured through student interactions with the system, including their ability to request hints and the tracking of their answers and errors.","""A student model database stores all the student logs regarding the selected problem types and the presented statements."" (Section 6, page 192)"
Effectiveness and Guidance of Artificial Intelligence Chatbots in Diagnosing Exponential Expression Errors,Y,Not applicable (the paper meets all inclusion criteria).,Students and teachers.,"""the study recommends the integration of synchronous and asynchronous classroom environments in which teachers can closely monitor student responses."" (Introduction, p. 548)",Classroom and informal learning settings.,"""the study seeks to assess whether students, without direct teacher support, can recognize and potentially correct their misconceptions with the help of chatbots in informal learning settings."" (Purpose and contribution of the study, p. 552)",Generative AI chatbots.,"""the primary rationale for selecting ChatGPT and Gemini in this study lies in the fact that both models are current, powerful, widely accessible, and possess distinct technical capabilities."" (Purpose and contribution of the study, p. 552)",ChatGPT-4 and Gemini.,"""the study aims to analyze how students mentally represent and structure their understanding of exponential expressions and to categorize these representations into meaningful classifications."" (Purpose and contribution of the study, p. 552)",Middle school (8th grade).,"""the items in the administered test cover learning outcomes related to exponential expressions in the 8th-grade mathematics curriculum."" (Data collection tool, p. 553)",Guidance and feedback.,"""the study investigates the potential of generative AI-based chatbots—namely ChatGPT and Gemini—to identify students’ misconceptions regarding exponential expressions and to guide them in correcting these misconceptions."" (Purpose and contribution of the study, p. 552)",Chatbots analyze student responses and provide feedback based on misconceptions.,"""the guidance-oriented feedback provided by ChatGPT-4 and Gemini was analyzed alongside the students’ responses."" (Findings regarding the guidance provided by ChatGPT-4 and Gemini Chatbots in addressing student misconceptions, p. 556)","The chatbots provide varying levels of effective guidance, with ChatGPT-4 generally outperforming Gemini in classifying responses.","""ChatGPT demonstrated a higher level of accuracy in classifying student responses compared to the Gemini system."" (Findings regarding the effectiveness of ChatGPT-4 and Gemini chatbots in identifying misconceptions in exponential expressions, p. 556)",Limited student agency; students interact with chatbots for feedback.,"""students were asked to share their solutions for each question with AI-supported chatbots and to proceed based on the feedback they received from the bots."" (Data collection and analysis, p. 553)",Students do not control feedback timing; feedback is provided after responses.,"""students were asked to share their solutions for each question with AI-supported chatbots and to proceed based on the feedback they received from the bots."" (Data collection and analysis, p. 553)","Classification of student responses into categories such as correct knowledge, lack of confidence, lack of knowledge, and misconception.","""the responses were categorized as correct knowledge, lack of confidence, lack of knowledge, or misconception."" (Data collection and analysis, p. 553)",Not specified.,"""Not specified."""
Contextual Factors Affecting Hint Utility,Y,Not applicable,Students and teachers.,"""The system was designed primarily for middle school mathematics and allows teachers to easily create and assign their own problem sets..."" (Background section, page 2)",Online learning environment.,"""The RCTs in this study were implemented in the ASSISTments online learning system..."" (Methods section, page 3)",Intelligent Tutoring System (ITS).,"""This work aims to further the state-of-the-art in intelligent tutoring systems..."" (Background section, page 2)",ASSISTments.,"""The RCTs in this study were implemented in the ASSISTments online learning system..."" (Methods section, page 3)",Middle school.,"""The system was designed primarily for middle school mathematics..."" (Background section, page 2)",Hints.,"""Hints, for example, help students recall relevant concepts, identify mistakes, and make inferences."" (Background section, page 2)",Feedback is provided through on-demand hints during problem-solving in an online mathematics assignment.,"""The treatment group was able to request a series of progressive hints, while the control group was only able to access a bottom-out hint..."" (Methods section, page 3)","The feedback provided is adaptive, as it allows students to request hints based on their needs during problem-solving.","""Students in the HE condition were naturally more likely to ask for regular hints because they had early access to hints."" (Results section, page 8)",Student agency in seeking help.,"""Help-seeking behavior can be measured by the frequency of hint requests..."" (Working model section, page 10)",Students control the timing of feedback by requesting hints.,"""Students assigned to the HE condition were allowed to request on-demand hints throughout the full assignment."" (Methods section, page 3)","Mastery speed, percent correct, and attrition.","""Student performance can be measured by mastery speed, percent correct, and attrition..."" (Discussion section, page 11)",Agency is measured through the frequency of hint requests and the type of hints requested.,"""Requesting regular hints alone compared to requesting a bottom-out hint may indicate higher levels of self-efficacy..."" (Working model section, page 10)"
Incentivizing Supplemental Math Assignments and Using Ai Generated Hints Is Associated with Improved Exam Performance,Y,Not applicable (the paper meets all inclusion criteria).,Students and instructors.,"""The students participating in the study were enrolled in one of two sections... Both sections were taught by the same instructor."" (Section II, Methods)",Introductory physics course at a large public university.,"""The study was carried out at a large public university in the Southwestern United States."" (Section II, Methods)",AI-generated hints integrated into homework assignments.,"""AI-generated learning support tools in the form of optional hints embedded in the physics homework assignments."" (Section I, Introduction)",Kudu (homework platform).,"""The AI-generated hints are integrated into the homework platform in Kudu."" (Section I, Introduction)",Undergraduate.,"""These interventions... are therefore very promising for creating more equitable undergraduate quantitative courses."" (Section I, Introduction)",Hints.,"""AI-generated hints were integrated into the homework assignments."" (Section I, Introduction)",Feedback is provided through AI-generated hints that guide students in problem-solving without giving away full solutions.,"""The AI-generated hints are designed to give qualitative descriptions on the essential steps toward solving a problem."" (Appendix B)",The feedback provided by AI-generated hints is supportive and aims to enhance problem-solving skills without directly providing answers.,"""They are meant to guide students in the problem-solving process instead of completely giving away the answer."" (Appendix B)",Limited student agency; students can choose to use hints but are not required to.,"""Students have unlimited attempts to use them for each question so that they can explore the most useful version."" (Section II, Methods)",Students do not control the timing of feedback; hints are available when they attempt the homework.,"""When AI-generated hints are available, students have unlimited attempts to use them for each question."" (Section II, Methods)","Exam scores, completion rates of supplemental math assignments, and usage of AI-generated hints.","""Throughout the three periods of this study, we collected data on student homework scores, use of AI-generated hints on the homework problems, and completion of supplemental math materials."" (Section II, Methods)",Agency is measured through the completion rates of supplemental math assignments and the usage of AI-generated hints.,"""To quantify factors that are associated with students’ completion of math materials, we performed a logistic regression."" (Section II, Methods)"
The Effectiveness of Explanatory Adaptive Feedback Within a Digital Educational Game to Enhance Fraction Understanding,N,PDF processing issues - requires manual review,Processing failed,Processing failed,Processing failed,Processing failed,Processing failed,Processing failed,Processing failed,Processing failed,Processing failed,Processing failed,Processing failed,Processing failed,Processing failed,Processing failed,Processing failed,Processing failed,Processing failed,Processing failed,Processing failed,Processing failed,Processing failed,Processing failed,Processing failed,Processing failed
Should I Stay or Should I Go Children’s Motivation in Response to Feedback and Its Association with Math Anxiety and Math Self Concept,N,PDF processing issues - requires manual review,Processing failed,Processing failed,Processing failed,Processing failed,Processing failed,Processing failed,Processing failed,Processing failed,Processing failed,Processing failed,Processing failed,Processing failed,Processing failed,Processing failed,Processing failed,Processing failed,Processing failed,Processing failed,Processing failed,Processing failed,Processing failed,Processing failed,Processing failed,Processing failed
Large Scale Assessments for Learning a Human Centred Ai Approach to Contextualizing Test Performance,Y,Not applicable,Educators and policymakers.,"""educators need to know what students know and can do, so that they can be prepared for education policies and interventions into teaching and learning."" (Introduction, p. 229)",Large-scale assessments in educational settings.,"""large-scale educational assessments allow all stakeholders to understand what students have learned and can do"" (Introduction, p. 229)",Human-centred AI (HAI) framework utilizing machine learning techniques.,"""we leveraged machine learning techniques (including supervised, unsupervised, and active learning) and experimented with a general human-centred AI approach"" (Introduction, p. 229)",NAEP digital assessment platform.,"""the released National Assessment of Educational Progress (NAEP) Grade 8 mathematics data were used to illustrate our proposed approach."" (Introduction, p. 229)",Grade 8.,"""the 2017 NAEP Grade 8 mathematics assessment"" (Data, p. 231)",Rich feedback.,"""the resulting process profiles could provide data insights, uncover new knowledge, and contextualize performance for large-scale state, national, or international assessments."" (Notes for Practice, p. 229)",Feedback is generated from process data that reflects students' test-taking processes.,"""Process data, combined with response data, reflect students’ test-taking processes and can provide educators such rich information."" (Introduction, p. 229)",The feedback provided is contextual and aims to inform educators about students' engagement and performance.,"""the access to machine learning (ML) and deep learning algorithms makes it promising to understand students’ test-taking and problem-solving processes at scale."" (Introduction, p. 229)",Limited student agency; feedback is primarily educator-focused.,"""educators need to know why some students got low scores, how they engaged with the assessment, and whether and where students might need help."" (Introduction, p. 229)",Not specified.,"""Not specified"" (Not applicable)",Performance scores and process data metrics.,"""the resulting process profiles could provide data insights, uncover new knowledge, and contextualize performance."" (Notes for Practice, p. 229)",Not specified.,"""Not specified"" (Not applicable)"
Improving the Validity of Automatically Generated Feedback via Reinforcement Learning,Y,Not applicable,Students and teachers.,"""We experiment on a dataset that consists of feedback messages written by math teachers for each incorrect option in multiple-choice questions."" (Section 1, page 281)",Not specified,Not specified,Large Language Models (LLMs) and Reinforcement Learning (RL).,"""We propose a framework for feedback generation that optimizes both correctness and alignment using reinforcement learning (RL)."" (Section 1, page 281)",Llama 2 and GPT-4.,"""We primarily use the instruction-tuned Llama-2 7B Chat model from HuggingFace for feedback generation."" (Section 4.2, page 287)",Middle school.,"""We validate our framework using a dataset of middle school-level math multiple choice questions."" (Section 4.1, page 286)","Feedback, hints, suggestions.","""For example, identifying student misconceptions, providing hints, and using encouraging language to promote a growth mindset can be helpful."" (Section 1, page 281)","Feedback is generated for incorrect student responses to multiple-choice questions, focusing on correctness and pedagogical alignment.","""We propose a framework that both generates and evaluates feedback messages for incorrect student responses to questions, to improve both their correctness and alignment with educational goals."" (Section 1, page 281)","The feedback generated is aimed at being pedagogically valid and aligned with educational goals, focusing on both correctness and student misconceptions.","""Feedback content has to be valid especially in subjects like math, which requires models to understand the problem, the solution, and where the student’s error lies."" (Section 1, page 281)",Limited student agency; feedback is provided automatically based on incorrect answers.,"""Providing students with helpful feedback can be critical to their learning, allowing them to quickly address and learn from mistakes."" (Section 1, page 281)",Not specified.,"""Not specified.""","Rubric scores based on correctness, revealing, suggestion, diagnostic, and positive aspects.","""We aim to evaluate feedback messages on their alignment with educational goals, including those associated with a growth mindset."" (Section 3.1, page 283)",Not specified.,"""Not specified."""
Using Large Language Models to Diagnose Math Problem Solving Skills at Scale,Y,Not applicable,Students and teachers.,"""We recruited 64 experienced math teachers to grade the answers."" (Section 4.1.3 Feedback Module)",Elementary school mathematics education.,"""We focus on diagnosing the problem-solving skills of elementary school math word problems."" (Section 2.1 Existing Problem-Solving Stages)",Large Language Model (LLM).,"""We implemented an LLM pipeline to diagnose student responses to the PERC framework."" (Section 4.1 LLM Pipeline)",GPT-3.5 and GPT-4.,"""Using GPT-3.5, our pipeline first generates the PERC rubrics for the given math word problem."" (Section 4.1.1 PERC Rubric Generation Module)",Elementary school.,"""We developed a problem-solving framework and an LLM pipeline to scaffold and diagnose four primary skills in mathematical problem-solving."" (Section 2.1 Existing Problem-Solving Stages)",Personalized feedback.,"""We aim to push it further by diagnosing students’ answers to each stage and giving personalized feedback with LLMs."" (Section 4.2 Technical Evaluation)",Feedback is provided based on the diagnosis of students' answers using a rubric generated by the LLM.,"""The last module provides feedback based on the diagnosis result."" (Section 4.1.3 Feedback Module)",The feedback provided is tailored to the individual student's performance based on their responses to the rubric.,"""According to the combination, our pipeline gives feedback predefined by the math education expert."" (Section 4.1.3 Feedback Module)",Limited student agency; feedback is primarily instructor-driven.,"""The expert emphasized the severity of this issue among the current generation of elementary school students."" (Section 2.2 Domain Expert Interview)",Not specified.,"""Not specified."" (No direct quote available)",Accuracy of diagnosis results and expert evaluations.,"""The results demonstrate that our pipeline outperformed baseline models in accuracy according to expert evaluation."" (Section 4.2.2 Student Answer Diagnosis Module Evaluation)",Not specified.,"""Not specified."" (No direct quote available)"
